date,year,month,enso_nino34,enso_phase,nao_index,pdo_index,amo_index,iod_index,itcz_shift
1950-01-01,1950,1,-0.005,Neutral,-1.742,0.758,0.0782,0.005,0.355
1950-02-01,1950,2,-0.223,Neutral,-0.319,-0.368,0.1634,-0.889,-0.609
1950-03-01,1950,3,0.194,Neutral,2.061,0.181,-0.1278,-0.097,-0.665
1950-04-01,1950,4,0.332,Neutral,1.364,-1.069,-0.062,-0.852,-0.564
1950-05-01,1950,5,0.613,El Nino,1.282,-0.93,0.2301,0.022,0.063
1950-06-01,1950,6,0.944,El Nino,0.533,0.191,0.11,-0.05,1.2
1950-07-01,1950,7,0.393,Neutral,1.244,0.282,0.1042,-0.728,-1.26
1950-08-01,1950,8,0.53,El Nino,-0.27,-0.275,-0.1116,0.58,-1.477
1950-09-01,1950,9,0.856,El Nino,0.403,-0.413,0.1074,0.16,-0.448
1950-10-01,1950,10,1.564,El Nino,-0.792,0.685,-0.0464,0.478,-0.438
1950-11-01,1950,11,1.303,El Nino,-0.149,0.367,0.2209,-0.096,1.052
1950-12-01,1950,12,1.064,El Nino,0.354,0.322,0.1465,-0.461,0.311
1951-01-01,1951,1,1.218,El Nino,-1.193,0.238,-0.1549,-0.07,-1.407
1951-02-01,1951,2,1.416,El Nino,-0.367,0.906,0.1757,0.867,-1.328
1951-03-01,1951,3,1.395,El Nino,0.062,1.234,-0.1075,1.18,-0.03
1951-04-01,1951,4,0.88,El Nino,0.991,0.084,0.1689,0.867,-0.405
1951-05-01,1951,5,1.497,El Nino,0.981,0.398,0.0152,0.431,0.637
1951-06-01,1951,6,1.117,El Nino,-0.536,-0.328,-0.0634,1.043,0.835
1951-07-01,1951,7,0.743,El Nino,1.818,0.119,0.171,-0.468,0.477
1951-08-01,1951,8,0.959,El Nino,-0.885,-0.068,0.0521,-0.364,0.221
1951-09-01,1951,9,1.164,El Nino,0.645,0.101,0.0508,1.326,-0.758
1951-10-01,1951,10,1.088,El Nino,-1.468,-0.214,0.0561,-0.456,0.007
1951-11-01,1951,11,0.611,El Nino,-0.828,-0.84,0.1235,0.645,0.161
1951-12-01,1951,12,0.619,El Nino,1.809,0.498,0.1745,-0.084,-0.32
1952-01-01,1952,1,0.463,Neutral,-0.91,0.8,0.0289,-0.238,0.841
1952-02-01,1952,2,0.691,El Nino,-0.435,0.694,0.151,-0.048,0.278
1952-03-01,1952,3,0.42,Neutral,0.098,0.528,0.0558,-0.04,-0.299
1952-04-01,1952,4,0.106,Neutral,-0.552,1.262,0.1365,-1.58,0.299
1952-05-01,1952,5,0.194,Neutral,-0.528,0.673,0.1925,-0.664,0.295
1952-06-01,1952,6,-0.357,Neutral,1.143,0.579,-0.2823,-0.34,0.1
1952-07-01,1952,7,0.323,Neutral,-0.692,0.515,0.2478,0.716,-0.595
1952-08-01,1952,8,-0.056,Neutral,-1.67,0.609,-0.0786,-0.846,-1.135
1952-09-01,1952,9,-0.006,Neutral,-2.146,-0.181,0.0258,0.694,-0.306
1952-10-01,1952,10,-0.019,Neutral,1.824,0.654,0.1096,-0.045,-0.708
1952-11-01,1952,11,-0.547,La Nina,0.595,0.496,0.0027,0.135,0.812
1952-12-01,1952,12,-0.354,Neutral,-0.185,-0.482,-0.0284,-0.672,-0.797
1953-01-01,1953,1,-0.686,La Nina,-0.093,0.094,-0.0516,-0.417,-0.864
1953-02-01,1953,2,-0.61,La Nina,0.982,1.191,0.2734,0.13,-1.774
1953-03-01,1953,3,-0.492,Neutral,0.174,0.62,0.1341,-0.717,0.44
1953-04-01,1953,4,-0.251,Neutral,0.583,0.439,0.0815,0.107,1.015
1953-05-01,1953,5,-0.879,La Nina,-0.508,0.24,0.1249,-0.344,0.408
1953-06-01,1953,6,-0.755,La Nina,1.402,0.569,0.2714,0.613,-0.771
1953-07-01,1953,7,-0.494,Neutral,-0.299,-0.02,0.0127,-0.186,0.887
1953-08-01,1953,8,-0.572,La Nina,-0.202,0.637,0.1542,-1.015,0.781
1953-09-01,1953,9,-0.316,Neutral,0.317,0.708,0.3623,-0.173,0.449
1953-10-01,1953,10,-0.86,La Nina,-0.92,0.66,0.2337,-0.809,-0.233
1953-11-01,1953,11,-0.83,La Nina,0.486,1.253,0.0892,-1.044,-0.241
1953-12-01,1953,12,-1.27,La Nina,1.129,0.49,0.1698,-0.469,-0.975
1954-01-01,1954,1,-0.337,Neutral,0.183,0.335,0.4422,-0.53,1.487
1954-02-01,1954,2,-0.957,La Nina,-0.882,0.817,0.0071,-0.119,0.911
1954-03-01,1954,3,-0.485,Neutral,0.472,0.091,0.0836,-0.039,-1.103
1954-04-01,1954,4,-1.038,La Nina,-1.081,0.904,0.036,-0.019,-0.075
1954-05-01,1954,5,-0.419,Neutral,0.663,0.627,0.1276,-0.217,0.494
1954-06-01,1954,6,-0.187,Neutral,2.049,0.147,0.2555,-1.074,-0.598
1954-07-01,1954,7,-0.128,Neutral,1.162,0.47,0.0732,1.341,-1.081
1954-08-01,1954,8,-0.229,Neutral,1.494,1.525,0.1584,-0.501,0.544
1954-09-01,1954,9,0.781,El Nino,-0.605,1.589,0.1099,0.596,0.197
1954-10-01,1954,10,0.215,Neutral,-1.017,0.894,0.0937,1.061,-0.773
1954-11-01,1954,11,-0.041,Neutral,1.598,0.248,0.056,-0.591,0.858
1954-12-01,1954,12,0.358,Neutral,-1.132,0.821,0.244,0.739,0.346
1955-01-01,1955,1,0.0,Neutral,-0.468,0.411,0.0687,-0.418,-0.257
1955-02-01,1955,2,0.012,Neutral,0.014,0.122,0.2609,0.009,-0.304
1955-03-01,1955,3,0.005,Neutral,-0.973,0.181,0.1038,0.143,-0.233
1955-04-01,1955,4,-0.078,Neutral,-0.457,0.534,0.2362,0.414,-0.251
1955-05-01,1955,5,0.666,El Nino,-0.332,1.367,-0.0602,0.84,-1.726
1955-06-01,1955,6,-0.106,Neutral,-1.266,0.498,0.2008,-0.221,-0.967
1955-07-01,1955,7,0.267,Neutral,2.607,0.628,-0.0296,-0.801,0.338
1955-08-01,1955,8,0.557,El Nino,-2.681,0.741,0.146,0.512,-0.081
1955-09-01,1955,9,0.105,Neutral,0.776,0.822,0.1604,-0.131,-0.438
1955-10-01,1955,10,0.043,Neutral,0.482,1.035,0.0008,0.366,-0.272
1955-11-01,1955,11,0.43,Neutral,-0.743,0.055,0.1269,-0.115,0.837
1955-12-01,1955,12,0.179,Neutral,-0.504,0.283,0.3497,-0.097,-0.336
1956-01-01,1956,1,0.547,El Nino,2.112,1.28,0.2324,-0.538,0.654
1956-02-01,1956,2,0.286,Neutral,0.176,1.38,0.3257,0.405,-0.091
1956-03-01,1956,3,0.265,Neutral,-0.113,0.367,0.0015,0.254,0.49
1956-04-01,1956,4,0.204,Neutral,0.387,0.828,0.0492,0.488,-0.046
1956-05-01,1956,5,0.484,Neutral,0.389,0.459,0.0948,0.1,-2.035
1956-06-01,1956,6,0.189,Neutral,-1.358,1.244,0.223,0.711,-0.826
1956-07-01,1956,7,-0.255,Neutral,-0.592,1.037,0.4483,-0.088,-0.837
1956-08-01,1956,8,-0.183,Neutral,-0.603,0.638,0.1971,0.444,1.78
1956-09-01,1956,9,0.205,Neutral,-1.221,0.682,-0.1315,-0.306,-0.594
1956-10-01,1956,10,-0.008,Neutral,-0.767,1.018,0.1617,0.866,0.135
1956-11-01,1956,11,0.256,Neutral,-0.398,0.769,0.1627,-0.131,0.052
1956-12-01,1956,12,-0.579,La Nina,-0.098,0.883,0.1159,-0.793,-0.211
1957-01-01,1957,1,-0.331,Neutral,-1.661,1.239,0.17,-1.192,-0.937
1957-02-01,1957,2,0.059,Neutral,-1.089,0.365,0.3117,-0.613,0.927
1957-03-01,1957,3,-0.431,Neutral,1.139,0.631,0.3484,-0.58,0.492
1957-04-01,1957,4,0.084,Neutral,0.701,0.45,0.1251,-0.306,1.089
1957-05-01,1957,5,0.008,Neutral,0.988,0.756,0.0555,-0.604,0.942
1957-06-01,1957,6,-0.664,La Nina,-0.347,0.893,0.2101,0.943,-1.071
1957-07-01,1957,7,-0.255,Neutral,0.185,1.408,0.0566,-0.466,-0.501
1957-08-01,1957,8,-0.35,Neutral,-1.667,0.296,0.4911,-0.172,-0.567
1957-09-01,1957,9,-0.082,Neutral,-1.099,0.764,0.3376,0.895,0.756
1957-10-01,1957,10,-0.536,La Nina,-0.97,0.694,0.0271,-0.791,-0.215
1957-11-01,1957,11,-0.432,Neutral,-0.851,0.216,0.0993,0.48,-0.239
1957-12-01,1957,12,-0.593,La Nina,-0.867,1.396,0.1926,-0.747,1.064
1958-01-01,1958,1,-0.888,La Nina,-0.51,0.939,0.1679,-0.727,-0.401
1958-02-01,1958,2,-0.602,La Nina,-1.112,0.732,0.2163,-0.208,-1.433
1958-03-01,1958,3,-0.618,La Nina,-0.703,0.493,0.0556,0.479,0.973
1958-04-01,1958,4,-0.708,La Nina,-0.411,-0.086,0.081,-0.851,0.14
1958-05-01,1958,5,-0.417,Neutral,0.139,0.564,0.1515,0.053,-0.129
1958-06-01,1958,6,-0.046,Neutral,-1.091,1.042,0.1191,0.057,1.381
1958-07-01,1958,7,0.362,Neutral,-0.168,0.589,0.021,-0.507,0.044
1958-08-01,1958,8,-0.149,Neutral,-0.512,0.655,0.2172,-1.092,0.376
1958-09-01,1958,9,0.03,Neutral,-0.184,0.422,0.4322,-0.818,-0.583
1958-10-01,1958,10,0.044,Neutral,-0.146,0.838,0.4563,-0.042,-0.973
1958-11-01,1958,11,0.65,El Nino,-0.997,0.167,0.2794,0.458,-0.376
1958-12-01,1958,12,0.363,Neutral,0.927,0.228,0.1919,-0.129,0.396
1959-01-01,1959,1,0.328,Neutral,-0.25,0.377,0.3883,-0.69,0.291
1959-02-01,1959,2,0.161,Neutral,-0.299,0.591,0.3444,0.973,-0.765
1959-03-01,1959,3,0.524,El Nino,-0.802,0.925,0.3033,-0.042,0.544
1959-04-01,1959,4,0.115,Neutral,-0.656,1.041,0.0829,-0.577,-0.082
1959-05-01,1959,5,0.581,El Nino,0.59,0.827,0.453,-0.32,-0.346
1959-06-01,1959,6,0.69,El Nino,-0.687,0.421,0.1444,0.875,1.182
1959-07-01,1959,7,0.841,El Nino,-0.195,1.243,0.0754,0.017,-0.819
1959-08-01,1959,8,1.263,El Nino,-0.599,0.527,0.22,-0.103,-0.211
1959-09-01,1959,9,1.007,El Nino,-3.329,0.396,0.4042,0.602,-0.446
1959-10-01,1959,10,0.825,El Nino,1.172,1.661,-0.0393,-0.204,-0.366
1959-11-01,1959,11,0.792,El Nino,-1.475,0.374,0.3358,0.115,-0.238
1959-12-01,1959,12,1.001,El Nino,-1.595,0.184,0.1842,0.467,0.164
1960-01-01,1960,1,0.795,El Nino,-1.774,0.709,0.3336,0.459,0.533
1960-02-01,1960,2,1.338,El Nino,1.257,0.717,0.2059,-0.227,-2.886
1960-03-01,1960,3,0.625,El Nino,0.879,1.084,0.4182,0.128,-0.883
1960-04-01,1960,4,0.523,El Nino,-0.253,0.429,0.1748,-0.937,-0.449
1960-05-01,1960,5,0.937,El Nino,0.352,0.726,0.4251,1.615,0.113
1960-06-01,1960,6,0.662,El Nino,-0.236,0.226,0.3746,-0.847,1.528
1960-07-01,1960,7,0.511,El Nino,-0.873,0.113,0.4036,0.242,0.329
1960-08-01,1960,8,0.49,Neutral,-1.416,-0.167,0.3107,-0.433,0.085
1960-09-01,1960,9,0.783,El Nino,1.101,0.786,0.0517,-0.021,1.211
1960-10-01,1960,10,0.837,El Nino,1.116,0.937,0.3606,0.443,0.551
1960-11-01,1960,11,0.287,Neutral,0.915,-0.249,0.1982,-0.065,0.154
1960-12-01,1960,12,0.229,Neutral,0.592,0.41,0.0742,0.392,-2.373
1961-01-01,1961,1,-0.447,Neutral,-0.003,0.378,0.4774,0.795,0.404
1961-02-01,1961,2,0.433,Neutral,-1.251,0.461,0.2722,0.453,-0.462
1961-03-01,1961,3,-0.577,La Nina,0.175,-0.048,0.2243,-0.324,0.147
1961-04-01,1961,4,-0.429,Neutral,-1.458,-0.18,0.3235,0.944,0.726
1961-05-01,1961,5,-0.638,La Nina,-0.945,0.254,0.1375,-0.907,0.753
1961-06-01,1961,6,-0.135,Neutral,-0.916,0.504,0.3632,0.216,1.076
1961-07-01,1961,7,-0.924,La Nina,-0.434,0.077,0.1511,-0.332,1.431
1961-08-01,1961,8,-1.014,La Nina,-0.289,-0.032,0.1923,-0.769,1.223
1961-09-01,1961,9,-1.014,La Nina,0.679,1.265,0.2536,-0.832,1.084
1961-10-01,1961,10,-0.328,Neutral,1.639,0.266,0.247,0.247,0.088
1961-11-01,1961,11,-0.807,La Nina,1.76,-0.076,0.3756,-1.097,0.276
1961-12-01,1961,12,-1.104,La Nina,-0.622,0.185,0.1004,-0.008,-0.225
1962-01-01,1962,1,-0.823,La Nina,-0.076,0.484,0.115,-0.299,-0.587
1962-02-01,1962,2,-0.824,La Nina,-0.228,-0.102,0.2465,-0.209,-1.428
1962-03-01,1962,3,-1.273,La Nina,-0.353,0.125,0.232,-0.175,1.905
1962-04-01,1962,4,-1.574,La Nina,-0.198,-0.291,0.2584,-0.655,0.759
1962-05-01,1962,5,-1.505,La Nina,0.033,0.365,0.1476,-0.071,1.617
1962-06-01,1962,6,-1.697,La Nina,-0.313,0.258,0.2444,-0.109,2.082
1962-07-01,1962,7,-1.302,La Nina,1.039,-0.544,0.328,-0.33,0.846
1962-08-01,1962,8,-1.229,La Nina,0.536,-0.404,0.4555,-0.922,0.977
1962-09-01,1962,9,-1.087,La Nina,1.955,0.382,0.3176,-0.294,-0.93
1962-10-01,1962,10,-1.1,La Nina,1.867,-0.027,0.3745,-0.04,0.338
1962-11-01,1962,11,-1.426,La Nina,0.796,-0.382,0.4157,-0.085,-0.524
1962-12-01,1962,12,-0.837,La Nina,0.716,-0.437,0.3949,-0.379,0.487
1963-01-01,1963,1,-0.998,La Nina,1.437,-0.464,0.3874,-1.12,1.725
1963-02-01,1963,2,-0.446,Neutral,1.905,0.417,0.1856,0.439,-0.803
1963-03-01,1963,3,-0.824,La Nina,0.282,-0.036,0.4114,0.252,-0.523
1963-04-01,1963,4,-0.004,Neutral,0.478,0.185,0.1589,0.412,0.261
1963-05-01,1963,5,-0.86,La Nina,-0.408,-0.241,0.4453,0.274,0.307
1963-06-01,1963,6,0.006,Neutral,0.16,-1.3,0.274,0.503,-0.149
1963-07-01,1963,7,-0.297,Neutral,-0.365,-0.449,0.5087,-0.983,-1.202
1963-08-01,1963,8,0.146,Neutral,-1.181,-0.781,0.2597,-0.091,0.514
1963-09-01,1963,9,-0.419,Neutral,1.236,-0.272,0.4332,0.178,0.037
1963-10-01,1963,10,-0.161,Neutral,1.189,-0.522,0.3178,-0.001,0.37
1963-11-01,1963,11,0.426,Neutral,-0.731,-0.042,0.2181,1.066,0.909
1963-12-01,1963,12,0.656,El Nino,1.21,0.324,0.1901,-1.135,0.67
1964-01-01,1964,1,0.322,Neutral,-0.022,0.175,0.1246,1.18,-0.549
1964-02-01,1964,2,0.718,El Nino,0.245,-0.431,0.3786,-0.05,0.412
1964-03-01,1964,3,0.928,El Nino,0.361,-0.223,0.3162,-0.64,-0.833
1964-04-01,1964,4,1.021,El Nino,-0.723,-0.752,0.1456,-0.355,-0.365
1964-05-01,1964,5,1.177,El Nino,0.663,-0.53,0.1218,-0.165,0.542
1964-06-01,1964,6,0.896,El Nino,-0.184,-0.527,0.3509,0.098,0.809
1964-07-01,1964,7,0.702,El Nino,-0.235,0.247,0.4278,-0.22,-0.296
1964-08-01,1964,8,0.4,Neutral,-0.01,-1.04,0.3206,0.297,-0.684
1964-09-01,1964,9,0.981,El Nino,0.795,-0.395,0.3313,-0.106,-1.016
1964-10-01,1964,10,1.145,El Nino,2.061,-1.017,0.3075,-0.582,-0.636
1964-11-01,1964,11,0.609,El Nino,0.699,-0.877,0.3006,1.752,-0.376
1964-12-01,1964,12,1.054,El Nino,2.018,-1.053,0.3614,0.212,1.547
1965-01-01,1965,1,1.728,El Nino,0.321,-0.672,0.3207,0.559,0.332
1965-02-01,1965,2,0.898,El Nino,1.498,-1.274,0.3492,1.098,0.601
1965-03-01,1965,3,1.023,El Nino,-0.211,-1.233,0.2321,-0.637,-0.143
1965-04-01,1965,4,0.828,El Nino,0.799,-0.036,0.0806,-0.024,0.732
1965-05-01,1965,5,1.309,El Nino,0.385,-0.84,0.2447,0.466,1.173
1965-06-01,1965,6,0.96,El Nino,-0.3,0.026,0.4585,-0.273,0.747
1965-07-01,1965,7,0.33,Neutral,1.324,-0.129,0.218,0.3,-0.755
1965-08-01,1965,8,0.604,El Nino,1.055,-0.83,0.3201,-0.692,0.257
1965-09-01,1965,9,0.698,El Nino,2.146,-0.484,0.3018,0.987,0.489
1965-10-01,1965,10,0.655,El Nino,-0.387,-0.57,0.2189,-0.458,0.748
1965-11-01,1965,11,0.517,El Nino,0.124,-0.449,0.1628,-0.144,0.747
1965-12-01,1965,12,0.398,Neutral,0.389,-0.353,0.2818,-0.285,-0.938
1966-01-01,1966,1,-0.814,La Nina,-0.94,-0.966,0.3154,-0.104,0.2
1966-02-01,1966,2,-0.271,Neutral,-0.879,-0.468,0.2119,-0.129,2.07
1966-03-01,1966,3,-0.286,Neutral,2.992,0.145,0.0764,-0.048,0.77
1966-04-01,1966,4,0.844,El Nino,-0.727,-0.828,0.1273,-0.786,-0.091
1966-05-01,1966,5,-0.229,Neutral,-0.687,-0.881,0.32,0.142,0.068
1966-06-01,1966,6,-0.451,Neutral,-0.465,-0.166,0.3649,0.91,1.064
1966-07-01,1966,7,0.001,Neutral,0.8,-0.474,0.3721,-0.549,-1.157
1966-08-01,1966,8,-0.586,La Nina,-0.156,-0.286,0.44,0.233,-1.349
1966-09-01,1966,9,-0.265,Neutral,-0.223,-0.424,0.2757,0.114,-0.063
1966-10-01,1966,10,-0.568,La Nina,-1.408,-0.64,0.2977,-0.386,-0.298
1966-11-01,1966,11,-0.145,Neutral,0.875,-0.587,0.1908,0.082,-1.167
1966-12-01,1966,12,-0.183,Neutral,0.236,0.133,0.405,0.249,-0.075
1967-01-01,1967,1,-0.729,La Nina,-2.001,-1.086,0.1702,-0.392,1.271
1967-02-01,1967,2,-0.556,La Nina,0.441,-0.54,0.3266,0.38,-0.591
1967-03-01,1967,3,-0.428,Neutral,-0.136,-0.581,0.1329,0.071,0.949
1967-04-01,1967,4,-0.327,Neutral,-0.598,-0.552,0.3777,-0.685,-0.241
1967-05-01,1967,5,-0.702,La Nina,-0.073,-0.895,0.0247,-0.423,-0.665
1967-06-01,1967,6,-0.937,La Nina,0.216,-0.801,0.1516,-0.539,-0.235
1967-07-01,1967,7,-0.384,Neutral,-0.736,-1.422,0.3114,-0.015,-0.062
1967-08-01,1967,8,-0.214,Neutral,-0.387,-0.655,0.0452,0.209,0.22
1967-09-01,1967,9,-0.393,Neutral,2.009,-0.855,0.1394,0.41,1.236
1967-10-01,1967,10,-0.268,Neutral,-0.887,-0.27,0.2107,0.614,1.172
1967-11-01,1967,11,-0.129,Neutral,-1.759,-0.887,0.2563,-0.122,0.614
1967-12-01,1967,12,0.341,Neutral,0.473,0.012,0.2246,-0.598,1.016
1968-01-01,1968,1,0.066,Neutral,0.375,-0.67,0.2391,-0.836,0.152
1968-02-01,1968,2,0.109,Neutral,0.426,-1.81,0.0463,1.601,0.615
1968-03-01,1968,3,-0.229,Neutral,-0.645,-1.033,0.4651,1.165,-0.359
1968-04-01,1968,4,0.715,El Nino,2.218,-1.389,0.2899,0.55,-0.445
1968-05-01,1968,5,0.068,Neutral,-1.541,-1.242,0.17,-0.638,0.55
1968-06-01,1968,6,-0.349,Neutral,-0.332,-0.926,0.4442,-0.176,-0.566
1968-07-01,1968,7,0.01,Neutral,0.234,-0.736,0.2271,1.088,0.631
1968-08-01,1968,8,0.162,Neutral,-1.123,-0.604,0.0972,-0.848,0.8
1968-09-01,1968,9,0.844,El Nino,-0.999,-1.019,0.4631,-1.067,1.507
1968-10-01,1968,10,0.586,El Nino,0.116,-0.805,0.3011,-0.247,0.719
1968-11-01,1968,11,-0.066,Neutral,0.759,-1.137,0.2046,0.311,0.951
1968-12-01,1968,12,0.174,Neutral,0.914,-0.492,0.1842,-0.018,-0.723
1969-01-01,1969,1,0.595,El Nino,1.082,-0.862,0.6286,-0.304,0.212
1969-02-01,1969,2,0.592,El Nino,-1.998,-0.707,0.2625,-0.155,1.296
1969-03-01,1969,3,0.551,El Nino,-0.896,-0.855,0.2182,-0.455,-0.769
1969-04-01,1969,4,0.537,El Nino,-0.439,-1.008,0.1046,-0.501,0.642
1969-05-01,1969,5,0.343,Neutral,0.184,-0.681,0.2447,0.243,-0.024
1969-06-01,1969,6,0.601,El Nino,0.598,-0.66,0.1923,0.605,-0.231
1969-07-01,1969,7,0.033,Neutral,0.392,-0.765,0.3994,0.246,-0.611
1969-08-01,1969,8,-0.107,Neutral,-0.965,-1.116,0.2347,0.027,0.386
1969-09-01,1969,9,0.638,El Nino,-0.708,-0.168,0.3371,1.183,0.3
1969-10-01,1969,10,-0.299,Neutral,0.863,-0.87,0.3351,-0.481,0.701
1969-11-01,1969,11,-0.602,La Nina,-0.311,-1.682,0.2231,-0.881,-0.0
1969-12-01,1969,12,-0.38,Neutral,-1.314,-0.425,-0.0112,0.563,0.741
1970-01-01,1970,1,0.104,Neutral,-1.205,-0.59,0.4527,0.07,-0.385
1970-02-01,1970,2,0.113,Neutral,-0.273,-0.95,0.2349,0.001,-0.105
1970-03-01,1970,3,-0.654,La Nina,-1.575,-0.233,0.2514,-1.185,-0.186
1970-04-01,1970,4,-0.181,Neutral,-0.728,-0.946,0.3126,-0.822,0.649
1970-05-01,1970,5,-0.061,Neutral,-0.919,-0.679,0.3994,0.034,-0.194
1970-06-01,1970,6,-1.306,La Nina,1.384,-0.957,0.3138,-0.058,0.147
1970-07-01,1970,7,-0.172,Neutral,-0.543,-0.668,0.1508,0.224,0.347
1970-08-01,1970,8,-0.409,Neutral,-0.108,-1.067,0.2356,-0.158,-0.847
1970-09-01,1970,9,-0.993,La Nina,0.681,-0.4,0.352,-0.506,-0.117
1970-10-01,1970,10,-0.767,La Nina,0.482,-0.533,0.0076,0.105,0.852
1970-11-01,1970,11,-0.632,La Nina,0.235,-0.267,0.2288,-0.469,0.687
1970-12-01,1970,12,-0.47,Neutral,-0.681,-0.007,0.1913,0.148,1.545
1971-01-01,1971,1,-0.183,Neutral,-0.695,-1.263,0.2771,0.316,1.054
1971-02-01,1971,2,-1.211,La Nina,-0.929,-1.081,0.3811,-0.783,1.055
1971-03-01,1971,3,-0.763,La Nina,0.377,-0.879,0.2154,-0.506,-1.401
1971-04-01,1971,4,-0.813,La Nina,-1.418,-1.066,0.2304,0.156,-0.536
1971-05-01,1971,5,-0.893,La Nina,0.071,-0.386,0.5163,1.035,-0.967
1971-06-01,1971,6,-0.774,La Nina,-2.227,-0.79,0.3944,-1.246,0.623
1971-07-01,1971,7,-0.415,Neutral,-0.952,-1.109,0.2429,-0.262,0.523
1971-08-01,1971,8,-0.6,La Nina,-0.556,-0.395,0.1374,0.531,0.17
1971-09-01,1971,9,-0.324,Neutral,0.049,-0.38,0.1225,-0.441,0.685
1971-10-01,1971,10,-0.202,Neutral,0.955,-0.419,0.2128,-0.356,-1.165
1971-11-01,1971,11,0.196,Neutral,1.422,-0.748,0.1946,0.31,1.641
1971-12-01,1971,12,-0.704,La Nina,-1.492,-0.838,0.2377,0.302,1.313
1972-01-01,1972,1,-0.115,Neutral,0.559,-0.668,0.3194,-0.266,0.719
1972-02-01,1972,2,0.057,Neutral,-0.238,-0.448,0.2239,-0.146,0.352
1972-03-01,1972,3,-0.016,Neutral,0.241,-0.79,0.3732,-0.489,-0.009
1972-04-01,1972,4,-0.008,Neutral,1.456,-0.502,0.2501,-0.697,-0.838
1972-05-01,1972,5,0.189,Neutral,-0.932,-0.279,0.3484,0.021,-0.028
1972-06-01,1972,6,0.695,El Nino,-0.299,-1.05,0.4183,-0.266,0.19
1972-07-01,1972,7,0.399,Neutral,-0.419,-1.484,0.3428,-0.106,0.405
1972-08-01,1972,8,0.067,Neutral,1.174,-2.112,0.1149,-0.955,0.141
1972-09-01,1972,9,-0.282,Neutral,-0.903,-0.52,0.1422,0.46,-0.674
1972-10-01,1972,10,1.314,El Nino,-0.197,-0.346,0.0295,-0.035,-0.566
1972-11-01,1972,11,0.715,El Nino,-0.605,0.145,0.1444,0.045,0.558
1972-12-01,1972,12,0.739,El Nino,1.974,-0.461,0.1959,-0.062,-1.061
1973-01-01,1973,1,0.91,El Nino,-0.732,0.204,-0.1143,0.438,-0.442
1973-02-01,1973,2,0.81,El Nino,-1.528,-0.219,0.3881,0.908,-0.574
1973-03-01,1973,3,0.931,El Nino,0.982,0.385,0.2696,0.107,0.642
1973-04-01,1973,4,1.218,El Nino,-0.52,-0.042,0.2279,-0.745,1.095
1973-05-01,1973,5,1.134,El Nino,0.201,0.046,0.2563,0.397,-0.034
1973-06-01,1973,6,0.929,El Nino,0.474,-0.283,0.1648,0.344,0.546
1973-07-01,1973,7,1.193,El Nino,1.209,-0.357,0.1441,1.151,-0.135
1973-08-01,1973,8,1.209,El Nino,-1.253,-0.612,0.1132,1.174,-0.847
1973-09-01,1973,9,0.723,El Nino,1.558,-0.45,0.3145,-0.561,-0.699
1973-10-01,1973,10,1.157,El Nino,1.112,-0.232,0.265,0.55,0.309
1973-11-01,1973,11,0.993,El Nino,-0.795,-0.683,0.2003,0.654,0.98
1973-12-01,1973,12,0.686,El Nino,0.142,-0.345,0.0919,1.802,-0.643
1974-01-01,1974,1,0.776,El Nino,-0.122,0.009,0.144,-0.024,0.611
1974-02-01,1974,2,0.64,El Nino,0.587,-0.426,0.0924,-0.368,-0.418
1974-03-01,1974,3,1.287,El Nino,0.411,0.008,0.1144,0.359,-0.041
1974-04-01,1974,4,0.406,Neutral,1.835,-0.733,0.161,-0.081,1.886
1974-05-01,1974,5,0.812,El Nino,-0.133,-0.42,-0.0384,0.336,-0.794
1974-06-01,1974,6,0.552,El Nino,0.071,0.301,0.0663,-0.343,-0.016
1974-07-01,1974,7,-0.353,Neutral,0.01,0.153,0.0324,-0.62,0.391
1974-08-01,1974,8,-0.177,Neutral,0.191,0.13,0.3634,0.692,1.066
1974-09-01,1974,9,-0.424,Neutral,-0.741,-0.192,-0.0912,0.087,-1.181
1974-10-01,1974,10,-0.061,Neutral,1.225,-0.84,-0.0792,-0.337,0.34
1974-11-01,1974,11,-0.436,Neutral,-0.039,-0.084,0.3879,-0.46,-0.616
1974-12-01,1974,12,0.051,Neutral,0.062,0.32,0.3329,-0.086,0.726
1975-01-01,1975,1,-0.394,Neutral,0.826,0.07,0.2689,-0.258,-0.147
1975-02-01,1975,2,0.04,Neutral,-0.007,0.068,0.0614,0.523,0.504
1975-03-01,1975,3,-0.244,Neutral,1.072,-0.177,0.2298,-0.488,0.499
1975-04-01,1975,4,-0.592,La Nina,2.665,0.204,0.29,0.117,0.002
1975-05-01,1975,5,-0.45,Neutral,-0.816,-0.15,0.0852,-0.232,0.837
1975-06-01,1975,6,-0.828,La Nina,0.295,0.739,0.2481,0.061,-0.08
1975-07-01,1975,7,-1.146,La Nina,-1.576,0.876,-0.1052,0.478,-0.67
1975-08-01,1975,8,-1.299,La Nina,-1.076,0.733,0.0447,-0.625,0.427
1975-09-01,1975,9,-1.022,La Nina,0.608,-0.057,0.3886,0.05,0.166
1975-10-01,1975,10,-1.189,La Nina,0.56,0.684,0.0017,0.281,0.787
1975-11-01,1975,11,-1.142,La Nina,0.062,-0.167,0.0782,-1.04,0.269
1975-12-01,1975,12,-1.552,La Nina,0.47,-0.334,0.0831,0.116,0.701
1976-01-01,1976,1,-1.327,La Nina,0.176,0.69,0.1549,-0.719,-0.126
1976-02-01,1976,2,-1.159,La Nina,1.041,0.861,0.0071,-0.767,1.151
1976-03-01,1976,3,-1.868,La Nina,-0.342,0.649,-0.0987,0.074,2.018
1976-04-01,1976,4,-0.855,La Nina,0.769,0.188,-0.125,-0.592,1.259
1976-05-01,1976,5,-1.001,La Nina,-0.471,0.783,0.1961,-0.315,0.65
1976-06-01,1976,6,-1.106,La Nina,-0.577,0.28,0.1253,0.367,0.006
1976-07-01,1976,7,-0.695,La Nina,0.189,0.584,0.0712,-0.371,1.786
1976-08-01,1976,8,-0.537,La Nina,-0.686,0.371,0.1819,-0.173,0.687
1976-09-01,1976,9,-0.702,La Nina,-0.947,-0.067,0.1422,-0.802,0.685
1976-10-01,1976,10,-0.774,La Nina,3.172,1.203,0.0445,-0.156,1.687
1976-11-01,1976,11,-0.587,La Nina,-0.763,1.103,-0.0465,-1.338,-0.455
1976-12-01,1976,12,-0.364,Neutral,2.241,0.518,0.1489,0.004,0.449
1977-01-01,1977,1,0.222,Neutral,-0.091,0.519,-0.025,-0.097,-0.278
1977-02-01,1977,2,-0.414,Neutral,-0.517,-0.238,-0.1156,-0.981,-1.624
1977-03-01,1977,3,0.202,Neutral,-0.335,0.282,0.0094,0.471,-0.126
1977-04-01,1977,4,0.231,Neutral,1.363,0.639,0.2368,-0.454,-0.925
1977-05-01,1977,5,0.136,Neutral,0.844,0.546,-0.0721,-0.257,0.109
1977-06-01,1977,6,0.649,El Nino,1.193,0.381,0.012,-0.099,0.191
1977-07-01,1977,7,0.335,Neutral,0.688,0.468,0.1162,0.481,1.781
1977-08-01,1977,8,0.872,El Nino,-0.839,0.636,-0.0395,0.125,0.103
1977-09-01,1977,9,0.276,Neutral,-0.376,1.037,0.1311,-0.781,0.226
1977-10-01,1977,10,0.457,Neutral,0.274,-0.197,0.057,0.128,0.476
1977-11-01,1977,11,0.813,El Nino,-1.038,0.284,0.0669,-1.314,0.026
1977-12-01,1977,12,0.667,El Nino,-1.303,0.354,0.2068,-0.731,-0.515
1978-01-01,1978,1,0.452,Neutral,0.614,1.325,0.0864,-0.493,-0.625
1978-02-01,1978,2,0.809,El Nino,-0.809,0.689,-0.0457,0.143,0.226
1978-03-01,1978,3,0.894,El Nino,-0.504,1.218,-0.0521,0.154,0.667
1978-04-01,1978,4,0.947,El Nino,-0.536,0.484,0.1542,0.135,-0.476
1978-05-01,1978,5,1.011,El Nino,-1.231,0.172,-0.0245,0.433,-0.049
1978-06-01,1978,6,1.03,El Nino,-1.409,0.684,-0.0135,0.378,0.529
1978-07-01,1978,7,1.055,El Nino,0.854,1.005,-0.0897,0.884,1.714
1978-08-01,1978,8,0.905,El Nino,1.993,0.512,-0.1385,-0.683,-0.543
1978-09-01,1978,9,0.953,El Nino,0.237,1.183,0.1065,-0.751,0.274
1978-10-01,1978,10,0.67,El Nino,0.83,0.742,-0.1286,0.145,-0.277
1978-11-01,1978,11,0.146,Neutral,-0.223,0.857,0.1874,0.242,1.448
1978-12-01,1978,12,0.07,Neutral,0.201,0.675,0.0255,0.016,0.409
1979-01-01,1979,1,0.551,El Nino,-0.716,1.047,-0.0766,0.669,-0.114
1979-02-01,1979,2,0.723,El Nino,-1.564,0.301,0.033,0.154,-1.448
1979-03-01,1979,3,0.623,El Nino,-1.331,0.923,0.0216,-0.297,1.413
1979-04-01,1979,4,0.457,Neutral,1.673,-0.121,0.0262,-1.21,0.229
1979-05-01,1979,5,0.614,El Nino,-0.528,1.182,-0.1335,-0.329,0.891
1979-06-01,1979,6,0.111,Neutral,0.072,0.129,0.0568,-0.992,-0.242
1979-07-01,1979,7,0.514,El Nino,-0.539,0.576,0.0958,0.186,0.959
1979-08-01,1979,8,-0.591,La Nina,-0.439,0.325,-0.0714,0.145,0.517
1979-09-01,1979,9,0.032,Neutral,-1.306,1.056,0.0422,-0.354,1.196
1979-10-01,1979,10,-0.097,Neutral,0.078,0.98,-0.1264,0.081,0.369
1979-11-01,1979,11,-0.452,Neutral,0.273,0.59,0.1337,0.008,-0.298
1979-12-01,1979,12,-0.978,La Nina,0.028,0.804,-0.0614,-0.108,0.328
1980-01-01,1980,1,-0.867,La Nina,1.37,0.664,0.1095,-1.234,1.238
1980-02-01,1980,2,0.035,Neutral,-1.406,1.45,0.0821,0.149,1.679
1980-03-01,1980,3,-0.568,La Nina,-0.739,0.282,0.1619,0.292,0.104
1980-04-01,1980,4,-0.496,Neutral,-0.37,1.017,-0.1773,-0.051,0.651
1980-05-01,1980,5,-0.235,Neutral,0.376,0.519,-0.1288,0.182,0.866
1980-06-01,1980,6,-0.966,La Nina,0.572,1.281,0.0174,0.801,-1.192
1980-07-01,1980,7,-0.023,Neutral,0.214,0.972,0.1935,1.421,-0.735
1980-08-01,1980,8,-0.531,La Nina,0.112,1.235,-0.052,0.88,-0.099
1980-09-01,1980,9,-0.451,Neutral,0.958,0.573,0.0672,0.332,1.318
1980-10-01,1980,10,-0.833,La Nina,1.096,0.77,0.097,-2.123,0.255
1980-11-01,1980,11,-0.266,Neutral,0.366,1.01,0.0567,0.747,1.137
1980-12-01,1980,12,-0.843,La Nina,0.082,1.103,-0.2154,-0.638,-0.636
1981-01-01,1981,1,-0.528,La Nina,-0.7,1.135,-0.0244,-1.159,-0.293
1981-02-01,1981,2,-0.146,Neutral,0.805,0.431,0.0271,0.116,1.399
1981-03-01,1981,3,-0.079,Neutral,-1.208,1.165,-0.0165,-0.75,0.171
1981-04-01,1981,4,-0.083,Neutral,0.957,1.392,-0.1094,-0.022,0.183
1981-05-01,1981,5,-0.326,Neutral,-0.526,0.913,-0.2147,-0.146,0.323
1981-06-01,1981,6,0.324,Neutral,-0.369,1.088,0.0407,0.019,0.078
1981-07-01,1981,7,0.101,Neutral,-0.96,0.147,0.1306,-0.505,-0.137
1981-08-01,1981,8,-0.331,Neutral,0.131,0.406,-0.0629,-0.159,1.182
1981-09-01,1981,9,0.052,Neutral,-0.804,1.086,0.0678,1.343,-1.078
1981-10-01,1981,10,0.392,Neutral,-0.533,0.489,-0.0316,0.288,0.294
1981-11-01,1981,11,0.443,Neutral,-0.309,0.846,-0.0321,-0.122,-0.056
1981-12-01,1981,12,0.155,Neutral,0.366,0.894,-0.3015,0.415,0.297
1982-01-01,1982,1,0.216,Neutral,-0.013,0.858,-0.0195,-1.084,1.1
1982-02-01,1982,2,0.855,El Nino,-0.159,0.407,0.0017,-0.151,-0.116
1982-03-01,1982,3,0.562,El Nino,0.394,0.332,-0.4351,0.512,-0.596
1982-04-01,1982,4,0.167,Neutral,-0.101,0.958,-0.0259,0.203,0.039
1982-05-01,1982,5,0.761,El Nino,0.843,1.101,-0.1026,-0.506,-0.246
1982-06-01,1982,6,0.442,Neutral,-0.685,1.193,0.0099,-0.596,-0.034
1982-07-01,1982,7,0.604,El Nino,-1.349,1.373,-0.058,0.902,-0.636
1982-08-01,1982,8,0.845,El Nino,-0.862,0.608,-0.3311,-0.36,0.257
1982-09-01,1982,9,0.707,El Nino,-1.03,1.009,-0.1836,0.374,0.083
1982-10-01,1982,10,0.582,El Nino,-0.24,0.793,0.0358,0.093,0.005
1982-11-01,1982,11,0.279,Neutral,1.786,1.172,-0.2988,-0.079,0.075
1982-12-01,1982,12,0.513,El Nino,-1.498,1.478,-0.2544,0.393,1.027
1983-01-01,1983,1,0.478,Neutral,0.033,0.912,-0.2027,0.348,1.997
1983-02-01,1983,2,0.558,El Nino,-0.833,0.509,-0.2934,-0.252,-0.111
1983-03-01,1983,3,0.756,El Nino,-0.403,1.002,-0.1275,-0.36,1.894
1983-04-01,1983,4,0.375,Neutral,-0.482,0.878,-0.0655,-0.075,-0.733
1983-05-01,1983,5,-0.682,La Nina,0.572,0.941,-0.3999,0.075,0.204
1983-06-01,1983,6,0.124,Neutral,-0.264,0.372,-0.0091,1.934,-2.285
1983-07-01,1983,7,-0.235,Neutral,-0.819,0.89,-0.1399,0.233,0.448
1983-08-01,1983,8,-0.026,Neutral,-0.831,0.764,-0.3298,0.017,-0.124
1983-09-01,1983,9,-0.504,La Nina,0.578,1.035,-0.0625,0.789,-0.308
1983-10-01,1983,10,0.101,Neutral,-0.162,0.785,0.0109,1.143,0.501
1983-11-01,1983,11,-0.231,Neutral,-1.266,0.446,-0.1999,-0.152,0.785
1983-12-01,1983,12,-0.563,La Nina,1.157,0.167,-0.0435,-0.282,0.791
1984-01-01,1984,1,-0.987,La Nina,-0.701,0.566,-0.1968,-0.252,1.63
1984-02-01,1984,2,-0.283,Neutral,-0.889,1.366,-0.0587,-0.11,-0.893
1984-03-01,1984,3,-0.194,Neutral,0.775,0.744,-0.0123,-0.395,1.959
1984-04-01,1984,4,-0.865,La Nina,-0.802,-0.231,-0.1722,-0.149,0.409
1984-05-01,1984,5,-0.907,La Nina,0.067,0.376,-0.0807,-0.238,1.178
1984-06-01,1984,6,-0.864,La Nina,-1.547,0.634,-0.1357,0.808,0.793
1984-07-01,1984,7,-0.583,La Nina,-1.569,0.135,0.0204,-0.009,0.742
1984-08-01,1984,8,-0.403,Neutral,-0.682,0.59,-0.1621,0.026,0.706
1984-09-01,1984,9,-0.924,La Nina,-2.398,0.798,-0.1333,0.396,0.656
1984-10-01,1984,10,-0.717,La Nina,0.468,0.242,-0.1786,0.572,-0.398
1984-11-01,1984,11,-0.983,La Nina,-1.382,0.864,-0.1503,0.015,0.808
1984-12-01,1984,12,-1.022,La Nina,0.034,0.392,-0.1065,0.553,1.451
1985-01-01,1985,1,-0.967,La Nina,0.547,0.18,-0.0895,-0.136,-1.035
1985-02-01,1985,2,-0.85,La Nina,0.833,0.351,-0.362,-0.515,0.123
1985-03-01,1985,3,-0.784,La Nina,1.76,0.298,-0.0512,-0.685,1.057
1985-04-01,1985,4,-0.957,La Nina,1.263,1.114,-0.351,0.195,-0.818
1985-05-01,1985,5,-0.343,Neutral,1.316,0.995,-0.1057,0.022,0.46
1985-06-01,1985,6,-0.438,Neutral,-0.239,0.248,-0.1729,1.234,1.081
1985-07-01,1985,7,-0.024,Neutral,0.192,0.28,-0.1085,1.026,-0.385
1985-08-01,1985,8,0.09,Neutral,0.313,0.954,-0.2319,-0.445,1.124
1985-09-01,1985,9,-0.316,Neutral,0.487,0.17,-0.2617,0.995,1.075
1985-10-01,1985,10,-0.337,Neutral,-1.522,0.037,-0.0382,-0.645,-0.14
1985-11-01,1985,11,0.115,Neutral,-0.593,-0.044,-0.1223,-0.726,0.579
1985-12-01,1985,12,0.544,El Nino,0.42,-0.313,-0.0981,0.856,-0.667
1986-01-01,1986,1,0.666,El Nino,-0.034,-0.048,-0.2881,0.736,0.649
1986-02-01,1986,2,0.438,Neutral,-2.454,0.346,-0.1768,0.479,0.33
1986-03-01,1986,3,0.692,El Nino,-0.719,0.666,-0.1297,1.294,0.445
1986-04-01,1986,4,0.437,Neutral,0.49,0.431,-0.1536,-0.344,0.302
1986-05-01,1986,5,0.936,El Nino,1.743,0.934,-0.221,0.813,-1.319
1986-06-01,1986,6,1.085,El Nino,-1.28,0.953,-0.289,-0.05,0.893
1986-07-01,1986,7,1.311,El Nino,-1.374,0.205,-0.164,-0.423,0.672
1986-08-01,1986,8,0.83,El Nino,1.744,-0.036,-0.2491,0.114,-0.299
1986-09-01,1986,9,1.33,El Nino,0.388,-0.27,-0.2191,0.721,1.572
1986-10-01,1986,10,1.194,El Nino,0.687,0.175,-0.4568,0.624,-0.468
1986-11-01,1986,11,1.668,El Nino,1.493,0.492,-0.2397,1.699,-0.283
1986-12-01,1986,12,0.975,El Nino,1.101,0.296,-0.1653,0.712,0.384
1987-01-01,1987,1,0.874,El Nino,-0.942,1.046,-0.1232,1.294,1.284
1987-02-01,1987,2,1.09,El Nino,1.335,-0.263,-0.4811,0.832,0.245
1987-03-01,1987,3,1.528,El Nino,1.506,0.264,-0.3149,0.225,0.268
1987-04-01,1987,4,1.41,El Nino,-0.068,0.366,-0.2999,0.785,-0.848
1987-05-01,1987,5,0.807,El Nino,0.893,-0.374,-0.266,1.081,0.566
1987-06-01,1987,6,0.553,El Nino,0.324,0.5,-0.1169,0.208,0.974
1987-07-01,1987,7,1.121,El Nino,-0.5,0.336,-0.1001,0.34,0.709
1987-08-01,1987,8,0.672,El Nino,1.798,-0.442,-0.1381,-0.452,-0.453
1987-09-01,1987,9,0.81,El Nino,1.253,-0.411,-0.346,0.449,0.054
1987-10-01,1987,10,0.89,El Nino,-0.045,0.666,-0.3683,-0.015,0.301
1987-11-01,1987,11,0.513,El Nino,0.45,0.139,-0.1397,-0.815,0.907
1987-12-01,1987,12,0.195,Neutral,1.21,-0.106,-0.3265,0.019,1.28
1988-01-01,1988,1,0.649,El Nino,-0.082,-0.052,-0.2337,0.199,1.203
1988-02-01,1988,2,0.502,El Nino,0.875,-0.294,-0.1223,0.642,0.386
1988-03-01,1988,3,0.468,Neutral,-1.338,0.368,-0.2853,-0.545,1.41
1988-04-01,1988,4,0.347,Neutral,0.795,-0.327,-0.2318,-0.291,0.184
1988-05-01,1988,5,-0.08,Neutral,1.009,-0.477,-0.2956,-2.088,0.952
1988-06-01,1988,6,-0.484,Neutral,-0.764,0.165,-0.2067,-0.913,-0.019
1988-07-01,1988,7,-0.32,Neutral,1.922,-0.527,-0.162,0.68,0.103
1988-08-01,1988,8,-0.808,La Nina,-1.962,0.413,-0.2567,-0.338,0.956
1988-09-01,1988,9,-0.121,Neutral,0.154,-0.725,-0.4986,1.191,0.661
1988-10-01,1988,10,-0.272,Neutral,-0.837,0.425,-0.2857,0.002,0.872
1988-11-01,1988,11,-1.2,La Nina,0.345,-0.518,-0.1874,-0.346,0.949
1988-12-01,1988,12,-0.495,Neutral,0.115,0.323,-0.4259,-0.459,0.517
1989-01-01,1989,1,-1.059,La Nina,-0.689,-0.0,-0.3333,-1.037,0.13
1989-02-01,1989,2,-1.148,La Nina,-0.074,-0.156,-0.3494,-0.776,2.418
1989-03-01,1989,3,-0.632,La Nina,1.074,-0.658,-0.42,-0.526,1.1
1989-04-01,1989,4,-0.797,La Nina,0.051,-0.369,-0.1955,-0.349,0.184
1989-05-01,1989,5,-1.121,La Nina,1.5,-0.323,-0.2863,-0.171,-0.717
1989-06-01,1989,6,-1.47,La Nina,0.157,0.155,-0.2598,-0.229,0.129
1989-07-01,1989,7,-1.883,La Nina,-1.211,-0.212,-0.1668,-0.205,-0.322
1989-08-01,1989,8,-1.428,La Nina,-0.396,-0.378,-0.3371,-0.512,1.531
1989-09-01,1989,9,-1.596,La Nina,0.29,-0.293,0.0652,0.306,0.503
1989-10-01,1989,10,-1.257,La Nina,1.389,-0.599,-0.2643,-0.52,0.106
1989-11-01,1989,11,-0.693,La Nina,-0.497,-0.834,-0.1718,-0.559,0.916
1989-12-01,1989,12,-1.351,La Nina,-0.098,-0.43,-0.5726,-0.616,1.813
1990-01-01,1990,1,-0.775,La Nina,-0.651,-0.596,-0.3772,-0.473,1.905
1990-02-01,1990,2,-1.265,La Nina,0.2,-0.195,-0.2351,-1.761,1.101
1990-03-01,1990,3,-0.872,La Nina,1.188,-0.986,-0.1701,0.017,-1.224
1990-04-01,1990,4,-0.742,La Nina,-1.345,-0.002,-0.2192,-0.143,0.192
1990-05-01,1990,5,-0.434,Neutral,0.221,-0.645,-0.3198,-0.448,-0.724
1990-06-01,1990,6,-0.328,Neutral,0.151,-0.0,-0.1045,0.28,0.125
1990-07-01,1990,7,-0.526,La Nina,0.252,0.4,-0.2857,-0.337,0.758
1990-08-01,1990,8,-0.247,Neutral,-0.329,-0.15,-0.2843,0.097,1.568
1990-09-01,1990,9,-0.206,Neutral,1.32,-0.416,-0.3579,0.712,2.099
1990-10-01,1990,10,0.177,Neutral,0.024,0.019,-0.2214,0.135,0.099
1990-11-01,1990,11,0.077,Neutral,-1.804,-0.534,-0.0731,0.504,-0.349
1990-12-01,1990,12,0.412,Neutral,0.702,0.204,-0.2777,1.092,1.143
1991-01-01,1991,1,0.072,Neutral,1.959,-0.582,-0.1791,0.325,0.922
1991-02-01,1991,2,-0.045,Neutral,1.099,-1.014,-0.1486,0.917,1.52
1991-03-01,1991,3,0.256,Neutral,-1.277,-0.043,-0.288,0.565,1.856
1991-04-01,1991,4,0.16,Neutral,-0.468,-1.651,-0.4493,-0.815,0.42
1991-05-01,1991,5,0.676,El Nino,0.741,-1.218,-0.2542,-0.561,2.281
1991-06-01,1991,6,1.081,El Nino,0.805,-0.636,-0.2825,0.765,0.826
1991-07-01,1991,7,-0.134,Neutral,-0.361,-0.8,-0.0803,0.564,0.643
1991-08-01,1991,8,0.664,El Nino,0.278,-0.759,-0.2809,0.909,-0.636
1991-09-01,1991,9,0.59,El Nino,1.25,-0.856,-0.5488,0.669,1.373
1991-10-01,1991,10,0.367,Neutral,-1.41,-0.575,-0.215,0.083,-0.732
1991-11-01,1991,11,0.603,El Nino,1.539,-0.51,-0.3356,-0.415,0.358
1991-12-01,1991,12,0.919,El Nino,-1.605,-1.033,-0.1245,1.264,1.077
1992-01-01,1992,1,0.712,El Nino,1.759,-0.805,-0.0797,0.186,-0.435
1992-02-01,1992,2,1.125,El Nino,1.466,-0.759,-0.2572,-0.083,2.263
1992-03-01,1992,3,0.8,El Nino,-0.943,-0.665,-0.1458,-0.061,-0.318
1992-04-01,1992,4,0.572,El Nino,-0.191,-0.641,-0.3148,-0.083,-0.557
1992-05-01,1992,5,0.739,El Nino,0.153,-0.679,-0.5052,-0.067,1.398
1992-06-01,1992,6,0.488,Neutral,-0.439,-0.488,-0.3147,-0.326,-0.28
1992-07-01,1992,7,0.668,El Nino,-0.038,-0.196,-0.3923,1.02,0.901
1992-08-01,1992,8,0.176,Neutral,0.635,-0.584,-0.3235,-0.008,1.215
1992-09-01,1992,9,0.515,El Nino,0.833,-0.647,-0.2672,0.311,-0.173
1992-10-01,1992,10,-0.386,Neutral,-0.342,-0.748,-0.1531,-0.436,0.847
1992-11-01,1992,11,0.228,Neutral,0.942,-0.71,-0.3387,-0.424,0.033
1992-12-01,1992,12,-0.093,Neutral,0.451,0.109,-0.4213,0.546,-0.779
1993-01-01,1993,1,0.355,Neutral,-1.729,-0.851,-0.3121,-0.605,0.994
1993-02-01,1993,2,-0.129,Neutral,-1.68,-0.715,-0.4454,-0.379,0.409
1993-03-01,1993,3,0.306,Neutral,-1.623,-0.226,-0.2491,-0.467,1.182
1993-04-01,1993,4,0.066,Neutral,0.282,-1.222,-0.2247,-0.433,0.723
1993-05-01,1993,5,-0.268,Neutral,0.123,-0.748,-0.3426,-0.003,0.656
1993-06-01,1993,6,-0.107,Neutral,-0.244,-1.091,-0.4863,0.18,1.643
1993-07-01,1993,7,-0.164,Neutral,0.752,-0.636,-0.1417,0.271,0.305
1993-08-01,1993,8,-0.571,La Nina,-3.426,-0.522,-0.3626,0.399,-0.887
1993-09-01,1993,9,-0.649,La Nina,0.171,-1.346,-0.3793,-0.169,-1.751
1993-10-01,1993,10,-0.34,Neutral,-0.032,-0.102,-0.228,0.992,2.031
1993-11-01,1993,11,-0.294,Neutral,-0.492,-1.283,-0.3553,1.225,-0.946
1993-12-01,1993,12,-0.688,La Nina,-1.023,-0.366,-0.2928,-0.027,-0.085
1994-01-01,1994,1,-0.094,Neutral,1.182,-0.836,-0.1242,-0.396,0.425
1994-02-01,1994,2,-0.812,La Nina,-0.277,-1.031,-0.1508,-0.424,0.335
1994-03-01,1994,3,0.355,Neutral,-0.23,-1.484,-0.2607,0.456,0.868
1994-04-01,1994,4,-0.48,Neutral,-0.9,-0.656,-0.4061,-0.085,0.267
1994-05-01,1994,5,-0.488,Neutral,-0.664,-0.408,-0.4742,1.187,-0.393
1994-06-01,1994,6,-0.185,Neutral,-0.466,-1.138,-0.3195,-0.442,0.524
1994-07-01,1994,7,-0.207,Neutral,1.825,-0.238,-0.3902,-0.339,-0.224
1994-08-01,1994,8,-0.236,Neutral,-1.492,-1.404,-0.3716,-0.288,0.81
1994-09-01,1994,9,-0.459,Neutral,-0.385,-0.19,-0.2873,-1.882,-0.733
1994-10-01,1994,10,-0.012,Neutral,-0.48,-0.821,-0.0033,-0.533,0.865
1994-11-01,1994,11,-0.137,Neutral,-0.732,-0.39,-0.3183,-0.304,0.632
1994-12-01,1994,12,-0.14,Neutral,1.306,-0.604,-0.1204,0.612,0.737
1995-01-01,1995,1,0.254,Neutral,-1.14,-1.279,-0.4896,-0.832,1.128
1995-02-01,1995,2,0.53,El Nino,-0.925,-1.323,-0.2583,0.595,0.336
1995-03-01,1995,3,0.226,Neutral,-1.047,-0.313,-0.3693,0.073,0.324
1995-04-01,1995,4,0.207,Neutral,-0.018,-0.745,-0.2363,0.311,0.264
1995-05-01,1995,5,0.504,El Nino,-2.27,-0.48,-0.2514,0.569,0.726
1995-06-01,1995,6,0.664,El Nino,-0.295,-0.341,-0.3359,0.52,0.102
1995-07-01,1995,7,0.492,Neutral,0.394,-0.73,-0.2472,0.882,0.266
1995-08-01,1995,8,0.23,Neutral,0.935,-0.692,-0.3194,-0.636,-0.092
1995-09-01,1995,9,0.454,Neutral,-1.353,-1.21,-0.1606,0.014,-0.237
1995-10-01,1995,10,0.854,El Nino,-0.63,0.215,-0.3134,0.694,1.026
1995-11-01,1995,11,0.894,El Nino,0.129,-0.727,-0.0492,0.745,-0.091
1995-12-01,1995,12,0.661,El Nino,-0.397,-1.207,-0.4083,0.194,0.386
1996-01-01,1996,1,0.626,El Nino,0.771,-0.281,-0.4426,0.096,0.746
1996-02-01,1996,2,0.277,Neutral,-1.139,-0.283,-0.3764,-0.085,1.084
1996-03-01,1996,3,0.718,El Nino,0.362,-0.561,-0.1909,0.186,0.642
1996-04-01,1996,4,0.329,Neutral,-0.933,-0.387,-0.3435,-0.164,-1.249
1996-05-01,1996,5,0.285,Neutral,-0.558,-0.722,-0.3064,0.08,1.662
1996-06-01,1996,6,0.449,Neutral,-1.646,-0.76,-0.2361,-1.201,0.899
1996-07-01,1996,7,0.699,El Nino,-1.079,-0.697,-0.2512,0.362,-0.236
1996-08-01,1996,8,0.609,El Nino,0.628,-0.611,-0.3582,-0.807,-0.034
1996-09-01,1996,9,0.332,Neutral,0.307,-0.63,-0.2035,-0.503,-0.247
1996-10-01,1996,10,0.24,Neutral,0.39,-0.28,-0.1554,-0.4,-0.695
1996-11-01,1996,11,0.308,Neutral,0.647,-0.614,-0.4001,0.105,1.181
1996-12-01,1996,12,-0.485,Neutral,-0.278,-0.984,-0.3491,-0.077,-0.504
1997-01-01,1997,1,0.484,Neutral,0.673,-0.272,-0.3044,0.567,2.652
1997-02-01,1997,2,-0.074,Neutral,-0.922,-0.791,-0.0599,-0.202,1.275
1997-03-01,1997,3,0.64,El Nino,-2.94,0.256,-0.2896,1.104,1.569
1997-04-01,1997,4,-0.084,Neutral,-2.136,-0.477,-0.2963,-0.363,0.662
1997-05-01,1997,5,-0.26,Neutral,-0.49,-0.941,-0.229,-0.72,1.147
1997-06-01,1997,6,-0.198,Neutral,1.741,-0.063,-0.495,-0.179,0.131
1997-07-01,1997,7,-0.088,Neutral,1.892,-0.828,-0.3565,0.561,0.991
1997-08-01,1997,8,-0.999,La Nina,1.132,-0.783,-0.1505,0.133,1.073
1997-09-01,1997,9,-0.533,La Nina,0.706,-0.185,-0.1987,-0.29,-1.017
1997-10-01,1997,10,-0.69,La Nina,1.375,-0.407,-0.324,-0.149,0.618
1997-11-01,1997,11,-1.515,La Nina,-2.593,-0.661,-0.1712,0.687,1.565
1997-12-01,1997,12,-0.91,La Nina,0.723,-0.435,-0.1132,-0.315,2.337
1998-01-01,1998,1,-1.247,La Nina,-0.638,-0.264,-0.2552,-1.005,0.793
1998-02-01,1998,2,-1.374,La Nina,-0.379,-0.786,-0.4755,-0.976,-0.415
1998-03-01,1998,3,-0.837,La Nina,1.523,-0.586,-0.315,-0.792,0.182
1998-04-01,1998,4,-1.467,La Nina,-1.237,-0.062,-0.0577,-0.292,0.325
1998-05-01,1998,5,-0.704,La Nina,0.199,-0.609,-0.2544,1.282,0.773
1998-06-01,1998,6,-1.608,La Nina,0.248,-0.15,-0.107,-0.447,0.032
1998-07-01,1998,7,-1.13,La Nina,-0.854,-0.566,-0.453,-0.524,1.29
1998-08-01,1998,8,-0.968,La Nina,-1.894,-0.166,-0.182,0.65,1.362
1998-09-01,1998,9,-0.968,La Nina,-0.328,0.172,-0.4793,-0.14,0.778
1998-10-01,1998,10,-0.38,Neutral,-0.399,-0.247,-0.3797,-0.467,0.63
1998-11-01,1998,11,-0.762,La Nina,1.241,0.145,-0.2406,-0.629,0.53
1998-12-01,1998,12,-0.68,La Nina,0.291,0.192,-0.4114,0.154,2.336
1999-01-01,1999,1,-0.861,La Nina,1.296,-0.423,-0.3389,-0.327,0.35
1999-02-01,1999,2,-0.775,La Nina,-0.969,0.06,-0.246,-0.8,-0.063
1999-03-01,1999,3,-0.436,Neutral,0.302,0.162,-0.1491,-0.783,0.933
1999-04-01,1999,4,-0.423,Neutral,0.124,-0.481,-0.2961,0.288,0.267
1999-05-01,1999,5,0.126,Neutral,-0.165,0.546,-0.1472,0.253,0.373
1999-06-01,1999,6,0.095,Neutral,1.154,-0.861,-0.4811,-0.215,0.853
1999-07-01,1999,7,0.285,Neutral,-0.028,0.411,-0.3703,0.732,0.79
1999-08-01,1999,8,0.592,El Nino,0.431,-0.216,-0.1936,-0.375,1.468
1999-09-01,1999,9,1.096,El Nino,-0.784,0.112,-0.1182,-0.638,0.334
1999-10-01,1999,10,0.636,El Nino,0.623,-0.378,-0.1218,0.298,0.511
1999-11-01,1999,11,0.963,El Nino,0.438,0.303,-0.1011,-0.111,0.98
1999-12-01,1999,12,0.727,El Nino,1.035,0.002,-0.2875,0.365,1.479
2000-01-01,2000,1,0.524,El Nino,0.405,-0.378,-0.1253,0.288,0.573
2000-02-01,2000,2,0.919,El Nino,1.817,0.447,-0.3154,0.033,0.857
2000-03-01,2000,3,0.432,Neutral,-1.293,0.1,-0.1146,0.782,0.971
2000-04-01,2000,4,0.87,El Nino,0.512,0.219,-0.2135,0.661,0.468
2000-05-01,2000,5,1.151,El Nino,-1.453,-0.146,-0.337,0.553,0.64
2000-06-01,2000,6,1.028,El Nino,-0.566,0.132,-0.234,0.833,1.267
2000-07-01,2000,7,1.378,El Nino,0.856,0.225,-0.281,-0.266,-0.313
2000-08-01,2000,8,0.813,El Nino,-0.074,-0.258,-0.0771,1.186,1.295
2000-09-01,2000,9,1.174,El Nino,0.619,-0.145,-0.3206,1.079,2.022
2000-10-01,2000,10,1.341,El Nino,1.411,-0.411,-0.246,-0.193,0.053
2000-11-01,2000,11,1.138,El Nino,0.455,0.418,-0.2376,0.453,0.306
2000-12-01,2000,12,1.229,El Nino,-0.378,0.188,-0.0948,-0.382,0.113
2001-01-01,2001,1,1.053,El Nino,1.053,-0.162,-0.3558,-0.131,0.197
2001-02-01,2001,2,0.594,El Nino,0.375,-0.57,-0.2071,0.434,0.271
2001-03-01,2001,3,1.08,El Nino,-2.959,0.968,-0.0434,0.166,-0.05
2001-04-01,2001,4,0.583,El Nino,0.617,0.39,-0.1583,0.279,-0.651
2001-05-01,2001,5,0.626,El Nino,0.363,0.75,-0.2163,-0.669,0.379
2001-06-01,2001,6,0.547,El Nino,0.149,0.162,-0.2603,0.113,-0.442
2001-07-01,2001,7,0.975,El Nino,0.529,0.472,-0.3071,1.167,0.88
2001-08-01,2001,8,0.105,Neutral,-0.954,0.351,-0.1301,0.429,1.715
2001-09-01,2001,9,0.122,Neutral,1.308,0.848,-0.2199,-0.324,1.739
2001-10-01,2001,10,0.299,Neutral,-0.811,1.12,-0.2272,1.09,-0.421
2001-11-01,2001,11,0.471,Neutral,0.252,0.39,-0.1498,-0.072,0.234
2001-12-01,2001,12,0.088,Neutral,0.479,-0.035,-0.1013,-0.946,0.7
2002-01-01,2002,1,0.007,Neutral,0.753,0.871,0.0286,-0.032,0.508
2002-02-01,2002,2,0.353,Neutral,-0.001,0.628,-0.3116,1.358,0.162
2002-03-01,2002,3,-0.3,Neutral,0.116,0.635,-0.283,0.008,0.11
2002-04-01,2002,4,-0.68,La Nina,-1.715,0.808,-0.1887,0.31,0.005
2002-05-01,2002,5,-0.334,Neutral,-0.629,0.131,-0.2264,-0.265,0.097
2002-06-01,2002,6,-0.527,La Nina,0.394,0.709,-0.0702,-0.749,-0.157
2002-07-01,2002,7,-0.758,La Nina,-1.529,0.613,-0.0524,0.768,0.483
2002-08-01,2002,8,-0.785,La Nina,0.458,0.95,-0.2719,1.33,-0.358
2002-09-01,2002,9,-1.497,La Nina,0.712,1.315,-0.1317,-0.059,1.728
2002-10-01,2002,10,-0.93,La Nina,-1.06,0.534,-0.2057,-1.137,1.474
2002-11-01,2002,11,-0.908,La Nina,1.889,-0.434,-0.0214,-0.652,-0.081
2002-12-01,2002,12,-1.004,La Nina,3.535,0.897,-0.1893,-0.817,0.137
2003-01-01,2003,1,-1.482,La Nina,1.094,0.212,-0.1564,-0.542,0.658
2003-02-01,2003,2,-0.942,La Nina,-1.138,0.481,-0.2803,0.232,1.086
2003-03-01,2003,3,-0.772,La Nina,1.013,0.858,-0.1309,-0.093,0.186
2003-04-01,2003,4,-0.791,La Nina,-1.387,0.24,-0.1254,-0.445,0.427
2003-05-01,2003,5,-0.568,La Nina,0.093,0.006,-0.2775,0.527,0.705
2003-06-01,2003,6,-0.927,La Nina,-0.671,0.426,-0.1095,0.672,-1.312
2003-07-01,2003,7,-1.412,La Nina,-0.444,0.048,-0.3039,-0.628,-1.273
2003-08-01,2003,8,0.04,Neutral,0.022,1.039,-0.1357,-0.291,0.623
2003-09-01,2003,9,-1.036,La Nina,-1.587,0.971,-0.4318,0.016,0.457
2003-10-01,2003,10,-0.541,La Nina,1.634,0.715,-0.196,-0.367,0.796
2003-11-01,2003,11,-0.667,La Nina,-0.103,1.297,-0.1434,-0.603,0.622
2003-12-01,2003,12,-0.351,Neutral,-0.594,1.163,0.0925,-0.058,0.737
2004-01-01,2004,1,-0.525,La Nina,-0.382,0.712,-0.1878,-0.175,-0.243
2004-02-01,2004,2,-0.555,La Nina,-0.55,0.187,-0.3091,-0.53,0.515
2004-03-01,2004,3,0.297,Neutral,-0.146,0.62,-0.0527,0.495,-0.329
2004-04-01,2004,4,-0.07,Neutral,-1.179,0.192,-0.1242,0.163,0.906
2004-05-01,2004,5,0.373,Neutral,0.416,0.501,-0.2823,-1.28,-0.433
2004-06-01,2004,6,0.167,Neutral,0.464,0.618,-0.1414,0.926,0.127
2004-07-01,2004,7,0.272,Neutral,0.805,0.289,-0.0037,-0.623,0.811
2004-08-01,2004,8,-0.165,Neutral,0.689,0.787,-0.2613,-0.037,0.103
2004-09-01,2004,9,0.704,El Nino,-0.741,1.043,-0.1238,-0.529,0.413
2004-10-01,2004,10,0.214,Neutral,1.199,0.933,-0.178,1.102,2.1
2004-11-01,2004,11,0.434,Neutral,1.88,1.232,-0.0796,-0.177,-1.437
2004-12-01,2004,12,0.03,Neutral,0.919,0.854,-0.187,0.105,2.037
2005-01-01,2005,1,0.292,Neutral,0.655,1.303,0.0861,-0.241,0.502
2005-02-01,2005,2,0.37,Neutral,-1.042,0.673,0.122,0.395,1.829
2005-03-01,2005,3,0.963,El Nino,-0.248,1.121,-0.4,0.866,-0.143
2005-04-01,2005,4,0.098,Neutral,0.708,0.6,-0.0448,0.486,1.585
2005-05-01,2005,5,0.936,El Nino,1.429,0.476,-0.2178,-0.126,2.567
2005-06-01,2005,6,0.747,El Nino,-0.039,1.288,0.0067,0.418,1.411
2005-07-01,2005,7,0.529,El Nino,-0.509,1.018,-0.3549,-1.165,1.429
2005-08-01,2005,8,0.345,Neutral,0.956,0.628,0.0349,1.008,0.071
2005-09-01,2005,9,1.005,El Nino,-0.848,0.484,-0.0714,0.477,1.732
2005-10-01,2005,10,0.5,Neutral,-0.066,0.676,-0.2115,-0.517,0.916
2005-11-01,2005,11,0.282,Neutral,0.51,1.472,-0.1334,-0.443,2.354
2005-12-01,2005,12,0.278,Neutral,-0.052,1.06,0.0034,0.861,1.784
2006-01-01,2006,1,0.001,Neutral,0.649,0.975,-0.1798,0.455,1.01
2006-02-01,2006,2,0.523,El Nino,-1.086,0.991,-0.2846,0.708,0.454
2006-03-01,2006,3,0.162,Neutral,-0.814,0.979,-0.1273,-1.158,1.836
2006-04-01,2006,4,0.43,Neutral,0.833,0.615,-0.3096,-0.097,0.615
2006-05-01,2006,5,-0.615,La Nina,-0.427,1.053,-0.0643,0.27,-0.727
2006-06-01,2006,6,-0.773,La Nina,0.251,0.363,-0.026,0.472,0.918
2006-07-01,2006,7,0.397,Neutral,-0.07,0.616,-0.1505,0.508,1.697
2006-08-01,2006,8,-0.437,Neutral,1.498,0.758,-0.125,-0.235,0.011
2006-09-01,2006,9,0.223,Neutral,0.876,0.362,0.0594,0.84,-0.467
2006-10-01,2006,10,-0.395,Neutral,0.694,1.193,-0.0293,0.163,0.503
2006-11-01,2006,11,0.065,Neutral,-0.431,1.066,-0.0781,-0.643,0.589
2006-12-01,2006,12,0.158,Neutral,-0.688,0.187,-0.2163,1.433,0.716
2007-01-01,2007,1,-0.628,La Nina,1.417,0.971,-0.1121,-1.056,0.196
2007-02-01,2007,2,-0.842,La Nina,0.063,0.404,-0.2611,0.329,1.962
2007-03-01,2007,3,-0.027,Neutral,0.407,0.821,-0.0355,1.039,0.648
2007-04-01,2007,4,-0.719,La Nina,-0.491,0.509,0.03,-0.074,0.959
2007-05-01,2007,5,-0.078,Neutral,-1.438,0.544,0.0002,0.275,1.012
2007-06-01,2007,6,-0.723,La Nina,-0.01,0.792,0.1022,-0.418,-0.388
2007-07-01,2007,7,-0.628,La Nina,1.707,1.762,-0.0812,0.018,0.278
2007-08-01,2007,8,-0.08,Neutral,1.039,0.794,-0.0138,0.515,0.932
2007-09-01,2007,9,0.057,Neutral,-0.752,0.338,-0.2284,0.197,1.562
2007-10-01,2007,10,-0.249,Neutral,0.58,0.92,-0.0055,-0.831,-0.076
2007-11-01,2007,11,-0.791,La Nina,-0.385,0.796,-0.0786,0.66,2.441
2007-12-01,2007,12,-0.244,Neutral,-0.576,0.842,-0.2418,0.117,0.015
2008-01-01,2008,1,-0.046,Neutral,0.856,-0.175,0.2095,0.18,0.073
2008-02-01,2008,2,0.237,Neutral,-1.175,1.657,-0.2018,1.749,1.447
2008-03-01,2008,3,0.517,El Nino,-0.757,1.365,0.0801,-0.774,-1.226
2008-04-01,2008,4,0.592,El Nino,-0.062,0.854,-0.0875,0.349,-0.141
2008-05-01,2008,5,0.045,Neutral,-1.303,0.653,-0.2031,-0.157,0.281
2008-06-01,2008,6,0.823,El Nino,-1.292,0.397,0.0375,1.802,2.294
2008-07-01,2008,7,0.358,Neutral,0.256,0.05,0.0173,0.679,1.754
2008-08-01,2008,8,0.1,Neutral,0.308,1.033,0.0396,-0.376,0.56
2008-09-01,2008,9,0.582,El Nino,1.865,0.751,-0.3426,-0.027,0.932
2008-10-01,2008,10,0.302,Neutral,-1.663,0.156,-0.0812,0.665,-0.076
2008-11-01,2008,11,0.56,El Nino,0.77,1.175,0.001,0.318,1.278
2008-12-01,2008,12,0.663,El Nino,0.532,0.196,-0.0811,-0.175,0.384
2009-01-01,2009,1,1.019,El Nino,0.423,0.31,-0.0478,1.284,0.69
2009-02-01,2009,2,0.619,El Nino,-0.036,0.447,-0.0701,-0.899,0.184
2009-03-01,2009,3,1.281,El Nino,0.033,0.461,0.1594,1.234,1.642
2009-04-01,2009,4,1.222,El Nino,-0.057,0.085,-0.1533,0.681,1.125
2009-05-01,2009,5,0.432,Neutral,0.212,1.226,0.205,-0.432,0.35
2009-06-01,2009,6,1.047,El Nino,-1.895,0.251,-0.0029,-0.042,1.91
2009-07-01,2009,7,0.562,El Nino,-0.518,0.17,0.0064,0.338,1.473
2009-08-01,2009,8,0.255,Neutral,0.073,-0.157,-0.0701,0.095,1.461
2009-09-01,2009,9,1.055,El Nino,-0.369,1.144,0.0299,-0.351,0.508
2009-10-01,2009,10,0.315,Neutral,-0.164,1.072,0.046,0.701,0.291
2009-11-01,2009,11,0.877,El Nino,0.271,-0.112,-0.1252,0.209,1.071
2009-12-01,2009,12,0.225,Neutral,0.404,0.179,0.1256,1.067,1.387
2010-01-01,2010,1,0.595,El Nino,0.25,0.755,-0.0591,0.732,0.79
2010-02-01,2010,2,-0.039,Neutral,-1.504,0.664,0.0366,-0.601,-0.125
2010-03-01,2010,3,0.318,Neutral,-0.619,0.153,0.1761,0.814,0.235
2010-04-01,2010,4,0.509,El Nino,-1.037,1.254,-0.0401,-0.037,2.152
2010-05-01,2010,5,0.505,El Nino,0.185,0.126,-0.1638,-1.449,0.396
2010-06-01,2010,6,-0.107,Neutral,0.654,0.643,-0.0765,-0.946,0.967
2010-07-01,2010,7,-0.096,Neutral,-1.638,0.267,-0.069,0.905,0.094
2010-08-01,2010,8,-0.429,Neutral,1.336,0.131,-0.1276,0.322,1.859
2010-09-01,2010,9,-0.344,Neutral,-0.018,0.358,-0.1391,0.161,0.912
2010-10-01,2010,10,-0.847,La Nina,0.129,0.281,-0.0078,0.345,1.313
2010-11-01,2010,11,-1.003,La Nina,-0.775,-0.327,-0.2754,-0.284,0.098
2010-12-01,2010,12,-0.31,Neutral,-0.088,-0.029,-0.0056,-1.085,0.234
2011-01-01,2011,1,-1.349,La Nina,0.416,-0.124,0.3422,0.097,0.061
2011-02-01,2011,2,-0.515,La Nina,0.964,0.557,0.1121,0.278,1.153
2011-03-01,2011,3,-1.064,La Nina,0.194,0.134,0.0499,0.051,-0.083
2011-04-01,2011,4,-1.706,La Nina,-1.057,0.304,0.0095,-0.447,2.138
2011-05-01,2011,5,-0.93,La Nina,-1.39,0.868,0.1583,-0.809,0.385
2011-06-01,2011,6,-1.163,La Nina,-0.274,0.625,0.0907,-0.391,1.622
2011-07-01,2011,7,-1.564,La Nina,0.334,0.272,0.0174,0.74,2.517
2011-08-01,2011,8,-1.266,La Nina,0.438,-0.139,-0.0062,-1.134,1.495
2011-09-01,2011,9,-1.183,La Nina,0.946,0.552,-0.0964,0.825,0.655
2011-10-01,2011,10,-1.23,La Nina,-0.321,0.249,-0.0081,-0.402,0.9
2011-11-01,2011,11,-1.351,La Nina,1.561,0.054,0.0876,0.113,0.791
2011-12-01,2011,12,-1.41,La Nina,0.025,0.823,-0.0843,-0.473,0.307
2012-01-01,2012,1,-1.483,La Nina,2.767,-0.409,-0.0365,0.237,-0.456
2012-02-01,2012,2,-0.873,La Nina,-1.915,0.067,-0.0014,0.183,1.242
2012-03-01,2012,3,-0.822,La Nina,0.651,-0.48,-0.0179,-1.313,0.192
2012-04-01,2012,4,-0.886,La Nina,2.199,-0.543,0.0582,-0.989,0.957
2012-05-01,2012,5,-1.22,La Nina,-0.972,0.377,-0.0081,0.229,0.828
2012-06-01,2012,6,-0.657,La Nina,-0.241,-0.102,0.1202,-1.04,-0.349
2012-07-01,2012,7,-0.358,Neutral,1.135,0.803,-0.0615,-0.029,-0.648
2012-08-01,2012,8,-0.565,La Nina,1.389,-0.131,-0.0763,0.178,0.107
2012-09-01,2012,9,0.039,Neutral,-2.356,0.296,-0.0852,-0.989,1.225
2012-10-01,2012,10,-0.247,Neutral,-0.405,-0.165,-0.0456,-0.769,0.732
2012-11-01,2012,11,-0.062,Neutral,0.932,-0.776,0.2659,-0.013,0.965
2012-12-01,2012,12,0.154,Neutral,-0.228,0.346,-0.0598,-0.629,-0.303
2013-01-01,2013,1,0.32,Neutral,0.343,-0.283,0.0895,-0.307,1.844
2013-02-01,2013,2,0.066,Neutral,-2.342,-0.162,0.1768,0.12,0.545
2013-03-01,2013,3,0.415,Neutral,1.742,-0.343,0.1542,-0.025,0.856
2013-04-01,2013,4,0.545,El Nino,1.437,-0.035,-0.0324,-1.09,0.786
2013-05-01,2013,5,0.96,El Nino,0.559,0.032,0.0194,0.861,1.118
2013-06-01,2013,6,0.328,Neutral,0.725,-0.453,0.1403,0.993,1.679
2013-07-01,2013,7,0.341,Neutral,0.76,-0.344,-0.1426,-0.033,1.355
2013-08-01,2013,8,0.439,Neutral,0.999,0.254,0.1565,-0.279,1.556
2013-09-01,2013,9,1.33,El Nino,-0.157,-0.492,0.0161,0.086,-0.615
2013-10-01,2013,10,1.007,El Nino,1.033,0.299,0.0148,0.693,0.824
2013-11-01,2013,11,0.665,El Nino,0.627,0.221,0.1644,1.085,1.45
2013-12-01,2013,12,1.136,El Nino,0.158,-0.203,0.3632,-0.197,0.966
2014-01-01,2014,1,0.918,El Nino,1.588,-0.119,-0.0341,0.568,0.15
2014-02-01,2014,2,0.906,El Nino,1.795,-0.126,0.2792,0.579,1.054
2014-03-01,2014,3,1.304,El Nino,-1.57,-0.39,0.077,-0.171,0.751
2014-04-01,2014,4,0.844,El Nino,1.032,-0.172,0.1907,0.129,2.504
2014-05-01,2014,5,1.644,El Nino,-0.634,0.547,0.0912,0.139,1.578
2014-06-01,2014,6,1.109,El Nino,0.56,0.159,0.07,-0.418,1.102
2014-07-01,2014,7,0.154,Neutral,-0.08,-0.822,0.122,-0.706,1.506
2014-08-01,2014,8,0.644,El Nino,0.561,-0.228,0.1595,0.161,0.872
2014-09-01,2014,9,1.071,El Nino,-1.265,-0.359,0.0197,0.07,0.8
2014-10-01,2014,10,0.346,Neutral,-0.651,-0.327,0.2278,-0.912,0.096
2014-11-01,2014,11,0.238,Neutral,1.769,-0.476,0.0754,0.27,0.513
2014-12-01,2014,12,0.767,El Nino,-0.257,-1.21,0.172,1.199,2.282
2015-01-01,2015,1,0.859,El Nino,0.255,-0.685,0.2721,-0.911,-0.071
2015-02-01,2015,2,0.805,El Nino,-0.331,-1.072,0.2723,1.182,-0.58
2015-03-01,2015,3,0.851,El Nino,-0.347,-0.114,-0.0692,-0.302,0.339
2015-04-01,2015,4,1.273,El Nino,-0.454,-0.651,0.0987,0.345,1.095
2015-05-01,2015,5,0.562,El Nino,0.597,-0.318,0.1125,0.665,-0.645
2015-06-01,2015,6,-0.049,Neutral,0.425,-0.74,0.0887,-0.978,2.392
2015-07-01,2015,7,0.006,Neutral,-0.711,0.333,-0.0589,-0.094,-0.165
2015-08-01,2015,8,0.037,Neutral,1.431,-1.2,0.0132,0.206,0.272
2015-09-01,2015,9,-0.127,Neutral,1.749,-0.342,0.0897,-0.249,0.449
2015-10-01,2015,10,0.003,Neutral,0.086,-0.659,0.1699,-0.166,1.775
2015-11-01,2015,11,-0.352,Neutral,-0.497,-0.092,0.1235,-0.52,0.51
2015-12-01,2015,12,-0.562,La Nina,-0.03,-0.957,0.3458,-0.252,0.793
2016-01-01,2016,1,-0.857,La Nina,-0.966,-0.779,0.1288,-0.947,2.271
2016-02-01,2016,2,-0.731,La Nina,-0.542,-0.9,0.2206,0.269,-0.425
2016-03-01,2016,3,-0.771,La Nina,-0.155,-0.804,0.1474,-0.983,0.771
2016-04-01,2016,4,-0.499,Neutral,-0.077,-0.991,0.3856,-0.454,1.215
2016-05-01,2016,5,-1.014,La Nina,1.461,-0.979,0.2831,-0.591,1.373
2016-06-01,2016,6,-0.142,Neutral,1.397,-0.178,-0.0185,0.457,-0.657
2016-07-01,2016,7,-0.489,Neutral,0.115,-1.189,0.0291,-0.664,0.633
2016-08-01,2016,8,-0.684,La Nina,-0.423,-0.942,0.2846,-0.049,2.14
2016-09-01,2016,9,-0.418,Neutral,1.134,-0.585,0.1609,-0.544,0.556
2016-10-01,2016,10,-0.503,La Nina,-0.021,-0.328,0.1069,-0.44,0.629
2016-11-01,2016,11,-1.001,La Nina,-0.245,-0.88,0.1256,0.078,1.197
2016-12-01,2016,12,-0.957,La Nina,-1.129,-0.854,0.3796,0.039,1.825
2017-01-01,2017,1,-0.843,La Nina,-0.212,-1.11,0.0485,-0.026,0.328
2017-02-01,2017,2,-0.705,La Nina,1.38,-0.863,0.0151,-0.3,0.217
2017-03-01,2017,3,-0.509,La Nina,-0.791,-0.569,0.2884,0.071,-0.109
2017-04-01,2017,4,-0.852,La Nina,0.143,-1.236,0.0835,-1.744,0.128
2017-05-01,2017,5,0.241,Neutral,0.039,-0.744,0.0917,0.44,0.375
2017-06-01,2017,6,-0.396,Neutral,1.732,-0.349,0.2036,-0.21,1.028
2017-07-01,2017,7,-0.636,La Nina,-0.34,-1.393,0.4597,-1.177,1.592
2017-08-01,2017,8,-0.211,Neutral,-0.8,-0.534,0.0601,0.492,1.757
2017-09-01,2017,9,-0.181,Neutral,-1.105,-0.069,0.2103,0.11,0.516
2017-10-01,2017,10,-0.215,Neutral,-1.695,-0.917,0.4043,-0.042,1.743
2017-11-01,2017,11,0.03,Neutral,0.394,-0.335,0.2673,0.86,1.128
2017-12-01,2017,12,0.427,Neutral,-0.796,-1.494,0.2685,0.975,0.664
2018-01-01,2018,1,0.086,Neutral,1.339,-1.266,0.2626,-0.869,0.564
2018-02-01,2018,2,-0.051,Neutral,1.708,-0.492,0.1404,-0.446,0.785
2018-03-01,2018,3,0.252,Neutral,-0.101,-0.517,0.3707,0.849,0.611
2018-04-01,2018,4,-0.266,Neutral,-0.331,-0.616,0.4082,0.018,1.788
2018-05-01,2018,5,0.389,Neutral,-0.81,-1.201,0.3378,-0.48,2.5
2018-06-01,2018,6,0.432,Neutral,0.822,-1.59,0.2297,0.216,0.548
2018-07-01,2018,7,0.381,Neutral,-1.226,-0.731,0.2786,0.867,2.564
2018-08-01,2018,8,0.529,El Nino,0.049,-0.836,0.279,0.035,1.112
2018-09-01,2018,9,0.76,El Nino,-0.815,-0.718,0.1842,0.291,0.139
2018-10-01,2018,10,0.732,El Nino,1.224,-1.04,0.4885,0.251,0.359
2018-11-01,2018,11,0.148,Neutral,-0.397,-1.067,0.0105,-0.083,1.03
2018-12-01,2018,12,0.755,El Nino,0.957,-1.112,0.2729,0.701,1.323
2019-01-01,2019,1,0.639,El Nino,-0.289,-0.838,0.1669,0.319,1.057
2019-02-01,2019,2,0.33,Neutral,-0.59,-0.863,0.4557,0.763,1.352
2019-03-01,2019,3,0.652,El Nino,-0.938,-0.423,0.3736,1.1,2.018
2019-04-01,2019,4,-0.386,Neutral,-2.182,0.027,0.3103,-0.024,-0.086
2019-05-01,2019,5,0.025,Neutral,-1.188,-1.311,0.3779,1.362,0.924
2019-06-01,2019,6,0.611,El Nino,0.766,-1.413,0.0922,-0.038,-0.558
2019-07-01,2019,7,0.107,Neutral,1.046,-0.687,0.395,-0.564,0.441
2019-08-01,2019,8,0.122,Neutral,-0.532,-0.879,0.3255,-0.452,1.248
2019-09-01,2019,9,0.176,Neutral,-0.738,-0.759,0.4143,0.459,0.932
2019-10-01,2019,10,-0.258,Neutral,-0.184,-0.367,0.4256,-0.051,0.665
2019-11-01,2019,11,-0.835,La Nina,-0.866,-1.264,0.5223,-0.355,1.025
2019-12-01,2019,12,-0.692,La Nina,1.041,-0.81,0.2012,-0.625,1.241
2020-01-01,2020,1,-0.508,La Nina,-0.78,-1.247,0.0223,-0.97,0.521
2020-02-01,2020,2,-0.543,La Nina,0.476,-0.673,0.0905,0.127,1.239
2020-03-01,2020,3,-0.264,Neutral,1.591,-0.62,0.2081,1.384,0.637
2020-04-01,2020,4,-0.729,La Nina,0.312,-0.079,0.1593,-0.112,0.951
2020-05-01,2020,5,-0.863,La Nina,-1.008,-0.461,0.104,-0.663,2.13
2020-06-01,2020,6,0.26,Neutral,-1.421,-1.31,0.1113,0.635,0.087
2020-07-01,2020,7,-0.5,Neutral,-0.552,-0.859,0.3435,-0.364,0.555
2020-08-01,2020,8,-0.463,Neutral,0.784,-1.32,0.3638,-0.937,0.727
2020-09-01,2020,9,-0.685,La Nina,0.555,-0.885,0.1476,-0.397,1.282
2020-10-01,2020,10,-0.169,Neutral,-0.146,-0.62,0.2474,-0.113,0.65
2020-11-01,2020,11,-0.053,Neutral,0.215,-0.562,0.4964,-0.732,-0.775
2020-12-01,2020,12,-1.084,La Nina,-0.697,-0.691,0.1775,-0.755,-0.767
2021-01-01,2021,1,-0.333,Neutral,-0.309,0.057,0.0711,-0.344,1.372
2021-02-01,2021,2,-0.531,La Nina,-0.304,-0.908,0.3212,0.572,1.127
2021-03-01,2021,3,-1.013,La Nina,-0.709,-1.179,0.21,-1.191,0.514
2021-04-01,2021,4,-0.247,Neutral,0.874,-0.939,0.4692,0.418,1.03
2021-05-01,2021,5,-0.091,Neutral,0.988,-0.725,0.566,0.328,1.833
2021-06-01,2021,6,0.022,Neutral,0.021,-0.713,0.3879,0.729,1.403
2021-07-01,2021,7,-0.19,Neutral,-0.578,-0.722,0.2767,0.769,1.27
2021-08-01,2021,8,0.225,Neutral,-0.382,-1.026,0.3051,-0.328,1.828
2021-09-01,2021,9,0.014,Neutral,2.961,-0.753,0.388,0.202,0.642
2021-10-01,2021,10,0.256,Neutral,-0.841,-1.162,0.4342,0.32,2.301
2021-11-01,2021,11,0.314,Neutral,-0.121,-0.212,0.1442,-0.677,-0.014
2021-12-01,2021,12,0.259,Neutral,-0.462,-0.159,0.1094,1.288,0.206
2022-01-01,2022,1,0.462,Neutral,-1.265,-0.05,0.3719,-0.708,1.314
2022-02-01,2022,2,0.448,Neutral,-0.328,0.401,0.538,1.097,1.207
2022-03-01,2022,3,0.436,Neutral,-0.461,0.045,0.2754,0.075,0.168
2022-04-01,2022,4,0.653,El Nino,0.181,-0.21,0.2353,-0.149,1.888
2022-05-01,2022,5,0.154,Neutral,-0.712,-0.588,0.1822,-1.382,0.965
2022-06-01,2022,6,0.525,El Nino,1.566,-0.644,0.2699,0.849,0.13
2022-07-01,2022,7,0.658,El Nino,0.676,-0.338,0.297,-0.293,1.569
2022-08-01,2022,8,0.839,El Nino,-0.966,-0.454,0.1637,0.395,1.535
2022-09-01,2022,9,1.008,El Nino,0.364,-0.079,0.4209,0.013,1.746
2022-10-01,2022,10,0.646,El Nino,-0.726,-0.424,0.3794,0.637,0.46
2022-11-01,2022,11,0.687,El Nino,-0.199,-0.105,0.3077,-0.377,0.92
2022-12-01,2022,12,1.173,El Nino,-0.087,-0.728,0.2914,0.227,1.805
2023-01-01,2023,1,1.139,El Nino,0.872,-1.075,0.3662,-0.002,1.269
2023-02-01,2023,2,1.163,El Nino,-2.491,-0.447,0.0117,1.046,1.726
2023-03-01,2023,3,0.183,Neutral,0.9,0.316,0.1909,-0.312,0.477
2023-04-01,2023,4,1.011,El Nino,-1.193,0.013,0.1662,0.787,0.823
2023-05-01,2023,5,1.091,El Nino,-0.113,-0.216,0.3473,0.843,0.113
2023-06-01,2023,6,0.462,Neutral,-1.208,-0.011,0.2554,-0.907,1.333
2023-07-01,2023,7,1.252,El Nino,1.62,0.046,0.2705,0.721,0.636
2023-08-01,2023,8,0.393,Neutral,0.747,0.57,0.1679,-0.563,1.854
2023-09-01,2023,9,0.564,El Nino,0.524,0.123,0.2966,-0.113,-0.02
2023-10-01,2023,10,0.296,Neutral,1.076,-0.242,0.4729,-0.041,1.607
2023-11-01,2023,11,0.201,Neutral,0.604,0.123,0.4991,-0.127,0.497
2023-12-01,2023,12,-0.274,Neutral,-0.823,-0.864,0.2514,-0.653,1.608
2024-01-01,2024,1,-0.341,Neutral,-0.982,-0.781,0.1341,1.058,0.076
2024-02-01,2024,2,0.002,Neutral,0.546,-0.183,0.1702,0.437,2.81
2024-03-01,2024,3,0.031,Neutral,2.874,-0.267,0.0198,0.839,0.312
2024-04-01,2024,4,-0.093,Neutral,0.728,-0.351,0.2129,-0.734,-0.566
2024-05-01,2024,5,-0.076,Neutral,2.11,-0.006,0.3546,0.869,0.446
2024-06-01,2024,6,-0.786,La Nina,-0.759,0.193,0.5616,-0.327,-0.308
2024-07-01,2024,7,-0.744,La Nina,0.417,-0.212,0.259,-1.756,-0.121
2024-08-01,2024,8,-0.645,La Nina,-1.331,-0.21,0.3631,-0.097,2.143
2024-09-01,2024,9,-0.957,La Nina,2.733,-0.428,0.0121,-0.747,0.077
2024-10-01,2024,10,-0.924,La Nina,0.376,0.118,0.3864,0.404,0.599
2024-11-01,2024,11,-0.705,La Nina,-0.028,-0.827,0.0169,-0.321,1.341
2024-12-01,2024,12,-1.559,La Nina,0.777,0.417,0.12,-0.185,2.61
