country,development_status,year,total_ghg_mt_co2eq,energy_sector_mt,transport_sector_mt,industry_sector_mt,agriculture_sector_mt,waste_sector_mt,ghg_per_capita_t,ghg_per_gdp_intensity,coal_dependency,renewable_share,population_millions,gdp_trillion_usd
China,developing,1990,20827.9,15803.4,1086.6,3396.3,405.8,135.9,14.88,1.1902,0.55,0.05,1400,17.5
China,developing,1991,22745.7,17404.7,1142.0,3616.6,437.5,144.9,16.25,1.2998,0.546,0.062,1400,17.94
China,developing,1992,24028.6,18283.3,1171.2,4004.8,413.6,155.7,17.16,1.3731,0.541,0.074,1400,18.38
China,developing,1993,25565.9,19566.4,1194.6,4223.5,441.3,140.0,18.26,1.4609,0.537,0.086,1400,18.81
China,developing,1994,24299.5,18121.3,1229.4,4369.2,431.2,148.4,17.36,1.3885,0.532,0.098,1400,19.25
China,developing,1995,26131.1,19886.3,1220.7,4418.2,449.5,156.4,18.67,1.4932,0.528,0.11,1400,19.69
China,developing,1996,27443.9,20707.1,1323.7,4822.5,445.0,145.4,19.6,1.5682,0.524,0.122,1400,20.12
China,developing,1997,29531.8,22541.5,1288.2,5081.2,470.7,150.2,21.09,1.6875,0.519,0.134,1400,20.56
China,developing,1998,31325.8,24203.8,1347.3,5150.8,464.9,159.0,22.38,1.79,0.515,0.146,1400,21.0
China,developing,1999,30271.0,22863.0,1505.4,5285.8,459.3,157.6,21.62,1.7298,0.51,0.158,1400,21.44
China,developing,2000,35204.9,27641.9,1403.3,5548.9,451.1,159.6,25.15,2.0117,0.506,0.17,1400,21.88
China,developing,2001,33425.7,25803.4,1295.0,5694.9,467.0,165.3,23.88,1.91,0.502,0.182,1400,22.31
China,developing,2002,35113.5,27224.1,1441.7,5814.7,462.7,170.5,25.08,2.0065,0.497,0.194,1400,22.75
China,developing,2003,33989.2,26048.8,1473.9,5822.6,468.4,175.5,24.28,1.9422,0.493,0.206,1400,23.19
China,developing,2004,38364.7,30155.1,1397.2,6178.1,471.5,162.9,27.4,2.1923,0.488,0.218,1400,23.62
China,developing,2005,38718.0,29981.5,1555.6,6556.1,461.9,163.0,27.66,2.2125,0.484,0.23,1400,24.06
China,developing,2006,40372.8,31114.3,1567.4,7030.3,489.2,171.5,28.84,2.307,0.48,0.242,1400,24.5
China,developing,2007,40609.9,31113.1,1550.6,7288.3,491.1,166.8,29.01,2.3206,0.475,0.254,1400,24.94
China,developing,2008,44931.0,35720.4,1677.0,6840.8,513.7,179.1,32.09,2.5675,0.471,0.266,1400,25.38
China,developing,2009,42797.9,33072.0,1629.9,7418.8,498.6,178.7,30.57,2.4456,0.466,0.278,1400,25.81
China,developing,2010,46025.3,36270.4,1774.7,7288.1,511.5,180.6,32.88,2.63,0.462,0.29,1400,26.25
China,developing,2011,46136.1,36111.8,1653.7,7662.0,514.7,193.9,32.95,2.6363,0.458,0.302,1400,26.69
China,developing,2012,46545.9,35765.9,1748.8,8334.4,514.9,182.0,33.25,2.6598,0.453,0.314,1400,27.12
China,developing,2013,47134.3,36519.9,1794.0,8095.6,535.0,189.9,33.67,2.6934,0.449,0.326,1400,27.56
China,developing,2014,49069.6,37997.7,1742.0,8610.6,531.8,187.5,35.05,2.804,0.444,0.338,1400,28.0
China,developing,2015,53333.6,41844.6,1845.3,8942.8,511.5,189.4,38.1,3.0476,0.44,0.35,1400,28.44
China,developing,2016,54055.3,42357.1,1910.1,9073.3,516.8,198.0,38.61,3.0889,0.436,0.362,1400,28.88
China,developing,2017,53843.1,41568.0,1846.9,9730.6,507.3,190.3,38.46,3.0767,0.431,0.374,1400,29.31
China,developing,2018,54044.1,42870.9,1812.0,8653.4,517.1,190.7,38.6,3.0882,0.427,0.386,1400,29.75
China,developing,2019,53536.5,41366.6,1897.5,9534.3,534.9,203.2,38.24,3.0592,0.422,0.398,1400,30.19
China,developing,2020,58464.2,45100.8,2066.9,10570.5,512.1,213.9,41.76,3.3408,0.418,0.41,1400,30.62
China,developing,2021,53442.0,41287.3,2027.0,9386.6,544.1,197.0,38.17,3.0538,0.414,0.422,1400,31.06
China,developing,2022,57140.0,44996.8,2029.5,9337.4,567.5,208.7,40.81,3.2651,0.409,0.434,1400,31.5
China,developing,2023,62335.0,48788.8,2072.1,10714.0,541.3,218.7,44.52,3.562,0.405,0.446,1400,31.94
China,developing,2024,63586.6,49071.1,2109.6,11612.4,573.7,219.9,45.42,3.6335,0.4,0.458,1400,32.38
United States,developed,1990,24514.2,17842.1,290.2,6242.5,105.8,33.6,73.18,0.9613,0.12,0.05,335,25.5
United States,developed,1991,26687.5,19708.3,275.0,6566.7,103.7,33.8,79.66,1.0466,0.119,0.073,335,26.14
United States,developed,1992,25133.0,18553.6,286.4,6156.4,104.6,31.9,75.02,0.9856,0.118,0.095,335,26.78
United States,developed,1993,25817.6,18435.5,289.5,6955.8,101.6,35.2,77.07,1.0125,0.117,0.118,335,27.41
United States,developed,1994,27244.6,20352.7,290.0,6460.3,107.2,34.4,81.33,1.0684,0.116,0.14,335,28.05
United States,developed,1995,25170.3,18352.3,310.1,6360.9,111.6,35.4,75.14,0.9871,0.115,0.162,335,28.69
United States,developed,1996,27878.2,20660.8,292.6,6779.4,107.8,37.7,83.22,1.0933,0.114,0.185,335,29.32
United States,developed,1997,27318.0,20329.6,309.2,6534.6,107.7,36.9,81.55,1.0713,0.113,0.208,335,29.96
United States,developed,1998,26803.3,19919.5,324.2,6410.3,112.7,36.6,80.01,1.0511,0.112,0.23,335,30.6
United States,developed,1999,26851.1,19766.2,328.9,6611.1,105.9,39.0,80.15,1.053,0.111,0.253,335,31.24
United States,developed,2000,27636.1,20734.7,340.1,6414.5,108.3,38.4,82.5,1.0838,0.11,0.275,335,31.88
United States,developed,2001,28618.8,21161.5,338.6,6965.1,114.6,38.9,85.43,1.1223,0.109,0.297,335,32.51
United States,developed,2002,26777.3,19463.2,340.0,6821.2,112.8,40.2,79.93,1.0501,0.108,0.32,335,33.15
United States,developed,2003,26201.0,19325.0,354.7,6365.2,115.3,40.8,78.21,1.0275,0.108,0.342,335,33.79
United States,developed,2004,27386.6,20474.3,354.4,6403.9,114.1,39.8,81.75,1.074,0.107,0.365,335,34.43
United States,developed,2005,27622.2,20301.2,354.6,6809.6,116.7,40.1,82.45,1.0832,0.106,0.387,335,35.06
United States,developed,2006,28924.5,21300.8,372.4,7091.0,118.2,42.1,86.34,1.1343,0.105,0.41,335,35.7
United States,developed,2007,29878.5,22328.8,380.0,7013.1,114.8,41.8,89.19,1.1717,0.104,0.432,335,36.34
United States,developed,2008,29030.7,21634.2,386.7,6845.6,120.4,43.8,86.66,1.1385,0.103,0.455,335,36.98
United States,developed,2009,28469.8,20748.6,411.3,7149.2,117.2,43.6,84.98,1.1165,0.102,0.477,335,37.61
United States,developed,2010,26974.4,19921.3,416.5,6474.3,119.5,42.8,80.52,1.0578,0.101,0.5,335,38.25
United States,developed,2011,28384.0,20583.5,414.7,7218.9,123.4,43.5,84.73,1.1131,0.1,0.523,335,38.89
United States,developed,2012,29377.7,21656.7,433.2,7116.3,126.5,45.0,87.69,1.1521,0.099,0.545,335,39.52
United States,developed,2013,28581.0,20925.7,416.6,7066.9,125.4,46.4,85.32,1.1208,0.098,0.568,335,40.16
United States,developed,2014,28218.2,20883.6,415.7,6749.2,124.1,45.5,84.23,1.1066,0.097,0.59,335,40.8
United States,developed,2015,28807.2,21392.2,443.1,6802.1,123.2,46.5,85.99,1.1297,0.096,0.613,335,41.44
United States,developed,2016,28352.6,20707.4,435.4,7038.6,123.2,47.9,84.63,1.1119,0.095,0.635,335,42.07
United States,developed,2017,29596.8,21677.6,453.6,7284.9,132.1,48.6,88.35,1.1607,0.094,0.65,335,42.71
United States,developed,2018,30106.5,22384.2,470.9,7076.8,128.6,46.0,89.87,1.1806,0.093,0.65,335,43.35
United States,developed,2019,28482.8,21183.8,445.8,6676.0,129.4,47.8,85.02,1.117,0.092,0.65,335,43.99
United States,developed,2020,28246.9,20623.8,477.4,6969.4,127.2,49.1,84.32,1.1077,0.091,0.65,335,44.62
United States,developed,2021,28592.5,20633.2,484.7,7294.6,130.9,49.0,85.35,1.1213,0.09,0.65,335,45.26
United States,developed,2022,28580.3,20507.0,478.9,7405.2,138.0,51.1,85.31,1.1208,0.089,0.65,335,45.9
United States,developed,2023,26906.9,19634.7,474.7,6611.5,135.3,50.8,80.32,1.0552,0.088,0.65,335,46.54
United States,developed,2024,26878.3,19447.7,516.1,6720.2,143.8,50.6,80.23,1.0541,0.087,0.65,335,47.18
India,developing,1990,5304.6,2967.0,1100.6,709.3,394.5,133.2,3.79,1.5602,0.45,0.05,1400,3.4
India,developing,1991,5944.2,3433.5,1192.8,743.1,428.0,146.6,4.25,1.7483,0.446,0.062,1400,3.48
India,developing,1992,5726.5,3201.0,1138.7,786.4,457.1,143.4,4.09,1.6843,0.443,0.074,1400,3.57
India,developing,1993,6312.0,3627.6,1281.2,814.5,444.3,144.4,4.51,1.8565,0.439,0.086,1400,3.65
India,developing,1994,6308.1,3657.7,1286.5,799.9,413.5,150.4,4.51,1.8553,0.436,0.098,1400,3.74
India,developing,1995,6311.9,3597.4,1283.5,854.5,413.0,163.5,4.51,1.8564,0.432,0.11,1400,3.82
India,developing,1996,6878.2,4104.7,1306.0,855.4,458.0,154.1,4.91,2.023,0.428,0.122,1400,3.91
India,developing,1997,7004.3,4151.3,1272.2,964.5,462.6,153.6,5.0,2.0601,0.425,0.134,1400,4.0
India,developing,1998,7676.5,4773.2,1336.9,976.3,427.9,162.3,5.48,2.2578,0.421,0.146,1400,4.08
India,developing,1999,7681.2,4586.9,1406.4,1089.5,447.9,150.5,5.49,2.2592,0.418,0.158,1400,4.17
India,developing,2000,8024.1,4958.9,1374.5,1042.1,490.2,158.3,5.73,2.36,0.414,0.17,1400,4.25
India,developing,2001,8128.8,4944.0,1423.6,1131.0,470.7,159.4,5.81,2.3908,0.41,0.182,1400,4.33
India,developing,2002,8732.0,5664.1,1376.1,1076.2,450.0,165.5,6.24,2.5682,0.407,0.194,1400,4.42
India,developing,2003,8792.1,5453.4,1531.8,1166.1,470.6,170.2,6.28,2.5859,0.403,0.206,1400,4.5
India,developing,2004,8843.0,5462.3,1507.2,1239.7,468.6,165.2,6.32,2.6009,0.4,0.218,1400,4.59
India,developing,2005,9319.7,5802.7,1507.2,1340.1,493.0,176.6,6.66,2.7411,0.396,0.23,1400,4.67
India,developing,2006,9691.9,6219.0,1501.9,1306.9,478.7,185.3,6.92,2.8505,0.392,0.242,1400,4.76
India,developing,2007,9800.1,6058.7,1572.4,1498.7,480.0,190.2,7.0,2.8824,0.389,0.254,1400,4.84
India,developing,2008,10008.6,6249.6,1688.6,1400.7,492.0,177.7,7.15,2.9437,0.385,0.266,1400,4.93
India,developing,2009,10275.2,6540.8,1561.6,1480.3,516.3,176.2,7.34,3.0221,0.382,0.278,1400,5.02
India,developing,2010,10835.5,6934.3,1661.2,1551.9,511.8,176.4,7.74,3.1869,0.378,0.29,1400,5.1
India,developing,2011,10720.6,6675.5,1728.8,1623.7,510.2,182.3,7.66,3.1531,0.374,0.302,1400,5.18
India,developing,2012,11632.1,7669.0,1681.7,1566.9,526.8,187.7,8.31,3.4212,0.371,0.314,1400,5.27
India,developing,2013,11653.2,7547.7,1848.0,1554.5,512.0,191.0,8.32,3.4274,0.367,0.326,1400,5.36
India,developing,2014,11974.9,7711.2,1801.0,1742.4,530.8,189.5,8.55,3.522,0.364,0.338,1400,5.44
India,developing,2015,11216.7,7156.5,1757.2,1586.5,521.7,194.8,8.01,3.299,0.36,0.35,1400,5.52
India,developing,2016,12325.0,7982.6,1797.6,1790.1,547.9,206.8,8.8,3.625,0.356,0.362,1400,5.61
India,developing,2017,12994.9,8614.8,1960.7,1701.9,521.5,195.9,9.28,3.822,0.353,0.374,1400,5.7
India,developing,2018,12866.1,8415.3,1958.7,1772.1,528.7,191.3,9.19,3.7841,0.349,0.386,1400,5.78
India,developing,2019,13116.1,8630.4,1855.4,1921.9,509.9,198.5,9.37,3.8577,0.346,0.398,1400,5.87
India,developing,2020,13019.5,8449.0,1898.5,1929.1,549.6,193.4,9.3,3.8293,0.342,0.41,1400,5.95
India,developing,2021,13233.6,8585.5,1983.8,1902.9,558.3,203.1,9.45,3.8922,0.338,0.422,1400,6.03
India,developing,2022,13876.2,9140.8,1938.9,2017.4,576.7,202.4,9.91,4.0812,0.335,0.434,1400,6.12
India,developing,2023,13918.7,9071.8,2087.7,2007.3,545.6,206.3,9.94,4.0937,0.331,0.446,1400,6.21
India,developing,2024,14140.8,9112.9,2179.0,2083.4,552.1,213.4,10.1,4.1591,0.328,0.458,1400,6.29
Russia,developing,1990,2647.7,2020.1,114.4,455.1,42.6,15.6,18.26,1.2608,0.15,0.05,145,2.1
Russia,developing,1991,2702.6,2076.8,119.7,447.1,44.9,14.2,18.64,1.287,0.149,0.062,145,2.15
Russia,developing,1992,2870.8,2220.9,118.2,472.2,44.0,15.6,19.8,1.367,0.148,0.074,145,2.21
Russia,developing,1993,3074.3,2421.4,123.0,472.1,43.1,14.7,21.2,1.464,0.146,0.086,145,2.26
Russia,developing,1994,3093.1,2373.5,127.2,529.3,46.9,16.2,21.33,1.4729,0.145,0.098,145,2.31
Russia,developing,1995,3168.9,2460.3,139.2,510.8,43.5,15.1,21.85,1.509,0.144,0.11,145,2.36
Russia,developing,1996,3185.6,2426.5,135.9,560.1,47.7,15.5,21.97,1.517,0.143,0.122,145,2.42
Russia,developing,1997,3466.5,2631.2,134.3,638.5,47.0,15.5,23.91,1.6507,0.142,0.134,145,2.47
Russia,developing,1998,3556.3,2715.8,144.7,630.2,48.4,17.2,24.53,1.6935,0.14,0.146,145,2.52
Russia,developing,1999,3810.8,2981.1,142.9,623.8,47.2,15.8,26.28,1.8147,0.139,0.158,145,2.57
Russia,developing,2000,3796.7,2919.9,141.1,670.0,48.1,17.7,26.18,1.808,0.138,0.17,145,2.62
Russia,developing,2001,3951.2,3059.1,152.7,671.8,50.7,16.9,27.25,1.8815,0.137,0.182,145,2.68
Russia,developing,2002,4095.1,3148.8,152.6,728.9,48.1,16.7,28.24,1.95,0.136,0.194,145,2.73
Russia,developing,2003,4634.8,3665.1,153.9,750.1,48.7,17.0,31.96,2.207,0.134,0.206,145,2.78
Russia,developing,2004,4639.5,3661.6,163.5,750.8,46.4,17.1,32.0,2.2093,0.133,0.218,145,2.84
Russia,developing,2005,4668.0,3664.3,147.8,785.7,52.2,18.1,32.19,2.2229,0.132,0.23,145,2.89
Russia,developing,2006,4370.5,3270.3,158.4,872.4,50.9,18.4,30.14,2.0812,0.131,0.242,145,2.94
Russia,developing,2007,5076.2,4006.0,170.4,832.2,49.8,17.8,35.01,2.4172,0.13,0.254,145,2.99
Russia,developing,2008,5266.3,4117.6,164.7,915.9,50.1,18.0,36.32,2.5077,0.128,0.266,145,3.04
Russia,developing,2009,5227.5,4109.9,184.2,862.0,52.8,18.6,36.05,2.4893,0.127,0.278,145,3.1
Russia,developing,2010,5254.3,4130.7,175.1,878.1,51.6,18.9,36.24,2.502,0.126,0.29,145,3.15
Russia,developing,2011,5301.5,4129.0,175.1,925.8,52.0,19.6,36.56,2.5245,0.125,0.302,145,3.2
Russia,developing,2012,5486.8,4272.2,176.4,968.1,51.6,18.5,37.84,2.6128,0.124,0.314,145,3.26
Russia,developing,2013,5740.0,4455.3,184.7,1027.1,53.1,19.8,39.59,2.7333,0.122,0.326,145,3.31
Russia,developing,2014,5834.9,4556.9,183.5,1023.3,50.4,20.8,40.24,2.7785,0.121,0.338,145,3.36
Russia,developing,2015,5970.9,4653.9,192.5,1049.7,55.8,19.0,41.18,2.8433,0.12,0.35,145,3.41
Russia,developing,2016,6354.7,4992.5,180.9,1106.4,54.2,20.6,43.83,3.026,0.119,0.362,145,3.46
Russia,developing,2017,6314.4,4979.1,193.5,1065.8,54.3,21.7,43.55,3.0069,0.118,0.374,145,3.52
Russia,developing,2018,6606.6,5226.4,190.5,1114.2,54.3,21.2,45.56,3.146,0.116,0.386,145,3.57
Russia,developing,2019,6510.4,5085.5,204.0,1139.6,60.3,21.0,44.9,3.1002,0.115,0.398,145,3.62
Russia,developing,2020,6595.4,5156.4,212.4,1149.0,57.2,20.5,45.49,3.1407,0.114,0.41,145,3.68
Russia,developing,2021,6512.2,5031.1,208.5,1194.5,57.2,20.9,44.91,3.1011,0.113,0.422,145,3.73
Russia,developing,2022,7178.4,5669.3,209.1,1221.0,56.9,22.1,49.51,3.4183,0.112,0.434,145,3.78
Russia,developing,2023,7052.7,5499.5,214.6,1261.9,56.0,20.8,48.64,3.3584,0.11,0.446,145,3.83
Russia,developing,2024,7807.9,6218.4,217.9,1295.3,55.2,21.1,53.85,3.718,0.109,0.458,145,3.89
Japan,developed,1990,4406.3,3226.8,100.0,1026.9,39.4,13.2,35.25,1.0491,0.28,0.05,125,4.2
Japan,developed,1991,4376.2,3200.4,102.7,1022.3,37.8,13.1,35.01,1.042,0.278,0.073,125,4.3
Japan,developed,1992,4545.9,3317.7,107.0,1070.9,37.5,12.8,36.37,1.0824,0.276,0.095,125,4.41
Japan,developed,1993,4383.6,3148.5,109.2,1074.2,38.5,13.2,35.07,1.0437,0.273,0.118,125,4.51
Japan,developed,1994,4050.4,2911.9,103.4,985.2,37.7,12.3,32.4,0.9644,0.271,0.14,125,4.62
Japan,developed,1995,4564.3,3266.1,114.0,1133.0,38.6,12.6,36.51,1.0867,0.269,0.162,125,4.73
Japan,developed,1996,4675.8,3323.8,120.3,1178.1,40.3,13.3,37.41,1.1133,0.267,0.185,125,4.83
Japan,developed,1997,4675.4,3372.7,119.0,1129.1,40.7,13.9,37.4,1.1132,0.264,0.208,125,4.94
Japan,developed,1998,4705.2,3423.2,124.5,1102.8,41.0,13.7,37.64,1.1203,0.262,0.23,125,5.04
Japan,developed,1999,4552.8,3190.3,124.8,1183.7,39.6,14.5,36.42,1.084,0.26,0.253,125,5.15
Japan,developed,2000,4746.0,3405.3,122.8,1163.0,41.3,13.6,37.97,1.13,0.258,0.275,125,5.25
Japan,developed,2001,4519.2,3178.5,132.8,1150.9,42.3,14.7,36.15,1.076,0.255,0.297,125,5.35
Japan,developed,2002,4564.8,3164.8,131.8,1211.7,41.7,14.9,36.52,1.0869,0.253,0.32,125,5.46
Japan,developed,2003,4579.3,3291.4,129.6,1104.2,39.4,14.6,36.63,1.0903,0.251,0.342,125,5.57
Japan,developed,2004,4691.2,3375.8,133.9,1123.9,42.4,15.1,37.53,1.1169,0.249,0.365,125,5.67
Japan,developed,2005,4671.2,3315.3,132.5,1162.6,45.2,15.6,37.37,1.1122,0.246,0.387,125,5.78
Japan,developed,2006,5045.7,3641.1,140.3,1204.2,44.8,15.3,40.37,1.2014,0.244,0.41,125,5.88
Japan,developed,2007,4644.9,3317.4,142.9,1124.1,44.6,15.9,37.16,1.1059,0.242,0.432,125,5.99
Japan,developed,2008,4678.5,3277.5,140.0,1202.2,43.5,15.3,37.43,1.1139,0.24,0.455,125,6.09
Japan,developed,2009,4870.0,3487.2,148.2,1173.6,44.3,16.7,38.96,1.1595,0.237,0.477,125,6.2
Japan,developed,2010,4818.7,3539.8,158.6,1061.2,43.2,15.9,38.55,1.1473,0.235,0.5,125,6.3
Japan,developed,2011,5031.1,3648.5,148.7,1171.5,45.8,16.6,40.25,1.1979,0.233,0.523,125,6.41
Japan,developed,2012,4797.5,3442.7,154.5,1137.0,46.8,16.5,38.38,1.1423,0.231,0.545,125,6.51
Japan,developed,2013,4692.2,3380.4,154.3,1095.1,46.0,16.4,37.54,1.1172,0.228,0.568,125,6.62
Japan,developed,2014,4764.2,3340.9,161.0,1196.0,49.3,16.9,38.11,1.1343,0.226,0.59,125,6.72
Japan,developed,2015,4641.8,3274.9,167.7,1134.6,47.7,17.0,37.13,1.1052,0.224,0.613,125,6.83
Japan,developed,2016,4899.7,3553.2,159.9,1121.1,48.2,17.3,39.2,1.1666,0.222,0.635,125,6.93
Japan,developed,2017,4861.7,3445.4,169.2,1182.2,46.9,17.9,38.89,1.1575,0.22,0.65,125,7.04
Japan,developed,2018,4583.2,3195.5,169.4,1152.7,48.0,17.7,36.67,1.0912,0.217,0.65,125,7.14
Japan,developed,2019,4941.8,3569.9,171.4,1133.2,49.2,18.1,39.53,1.1766,0.215,0.65,125,7.25
Japan,developed,2020,4646.3,3247.3,184.9,1150.1,46.2,17.8,37.17,1.1063,0.213,0.65,125,7.35
Japan,developed,2021,4813.8,3379.2,181.6,1181.0,52.6,19.4,38.51,1.1462,0.211,0.65,125,7.46
Japan,developed,2022,4663.8,3335.8,183.7,1077.8,48.6,17.9,37.31,1.1104,0.208,0.65,125,7.56
Japan,developed,2023,4820.8,3401.3,169.6,1179.5,51.5,18.9,38.57,1.1478,0.206,0.65,125,7.67
Japan,developed,2024,5023.0,3561.7,183.4,1210.2,49.0,18.7,40.18,1.1959,0.204,0.65,125,7.77
Germany,developed,1990,4414.7,3244.3,66.9,1069.3,25.5,8.6,52.56,1.0767,0.1,0.05,84,4.1
Germany,developed,1991,4328.3,3128.9,64.3,1100.4,26.1,8.5,51.53,1.0557,0.099,0.073,84,4.2
Germany,developed,1992,4134.2,3016.3,72.2,1013.5,23.7,8.4,49.22,1.0083,0.098,0.095,84,4.3
Germany,developed,1993,4374.6,3107.2,73.4,1158.1,27.0,8.7,52.08,1.067,0.098,0.118,84,4.41
Germany,developed,1994,4523.8,3329.3,76.2,1083.4,26.3,8.6,53.85,1.1034,0.097,0.14,84,4.51
Germany,developed,1995,4618.3,3403.1,78.3,1102.6,25.1,9.1,54.98,1.1264,0.096,0.162,84,4.61
Germany,developed,1996,4387.6,3251.8,75.4,1023.2,27.5,9.7,52.23,1.0701,0.095,0.185,84,4.71
Germany,developed,1997,4479.5,3312.6,80.6,1051.8,25.2,9.5,53.33,1.0926,0.094,0.208,84,4.82
Germany,developed,1998,4314.1,3042.2,79.1,1156.2,27.3,9.3,51.36,1.0522,0.094,0.23,84,4.92
Germany,developed,1999,4251.6,3113.3,83.2,1019.3,26.4,9.4,50.61,1.037,0.093,0.253,84,5.02
Germany,developed,2000,4654.0,3477.0,81.6,1057.7,27.8,9.8,55.4,1.1351,0.092,0.275,84,5.12
Germany,developed,2001,4458.7,3290.6,80.1,1050.9,27.2,9.8,53.08,1.0875,0.091,0.297,84,5.23
Germany,developed,2002,4415.9,3198.7,84.8,1094.1,27.8,10.5,52.57,1.0771,0.09,0.32,84,5.33
Germany,developed,2003,4420.3,3134.0,88.7,1159.6,27.2,10.8,52.62,1.0781,0.09,0.342,84,5.43
Germany,developed,2004,4585.5,3369.4,93.1,1083.1,29.4,10.4,54.59,1.1184,0.089,0.365,84,5.54
Germany,developed,2005,4543.6,3272.0,96.6,1134.7,29.7,10.6,54.09,1.1082,0.088,0.387,84,5.64
Germany,developed,2006,4412.4,3157.5,95.6,1119.5,29.4,10.4,52.53,1.0762,0.087,0.41,84,5.74
Germany,developed,2007,4481.9,3280.4,96.8,1063.6,30.1,11.1,53.36,1.0932,0.086,0.432,84,5.84
Germany,developed,2008,4475.8,3183.9,97.6,1155.7,28.0,10.5,53.28,1.0916,0.086,0.455,84,5.94
Germany,developed,2009,4505.4,3291.3,100.9,1072.4,30.0,10.8,53.64,1.0989,0.085,0.477,84,6.05
Germany,developed,2010,4719.0,3488.2,100.2,1090.4,29.7,10.4,56.18,1.151,0.084,0.5,84,6.15
Germany,developed,2011,4561.2,3344.8,97.7,1075.8,31.6,11.3,54.3,1.1125,0.083,0.523,84,6.25
Germany,developed,2012,4575.5,3295.3,96.9,1141.9,30.0,11.4,54.47,1.116,0.082,0.545,84,6.35
Germany,developed,2013,4924.2,3680.0,103.2,1097.9,32.0,11.1,58.62,1.201,0.082,0.568,84,6.46
Germany,developed,2014,4518.8,3309.0,108.6,1057.1,32.6,11.4,53.79,1.1021,0.081,0.59,84,6.56
Germany,developed,2015,4482.1,3166.1,110.2,1161.0,32.7,12.2,53.36,1.0932,0.08,0.613,84,6.66
Germany,developed,2016,4467.5,3139.6,106.3,1176.7,32.5,12.4,53.18,1.0896,0.079,0.635,84,6.76
Germany,developed,2017,4676.4,3481.7,111.2,1040.2,30.9,12.3,55.67,1.1406,0.078,0.65,84,6.87
Germany,developed,2018,4536.4,3308.1,112.7,1071.3,32.0,12.3,54.0,1.1064,0.078,0.65,84,6.97
Germany,developed,2019,4505.0,3231.6,115.0,1113.1,33.0,12.2,53.63,1.0988,0.077,0.65,84,7.07
Germany,developed,2020,4572.4,3264.0,113.1,1150.4,32.7,12.3,54.43,1.1152,0.076,0.65,84,7.17
Germany,developed,2021,4452.6,3221.1,119.1,1067.3,32.8,12.3,53.01,1.086,0.075,0.65,84,7.28
Germany,developed,2022,4593.1,3337.3,117.9,1092.2,32.9,12.8,54.68,1.1203,0.074,0.65,84,7.38
Germany,developed,2023,4496.3,3230.2,121.6,1098.6,33.3,12.6,53.53,1.0967,0.074,0.65,84,7.48
Germany,developed,2024,4456.2,3204.8,127.6,1078.7,33.0,12.0,53.05,1.0869,0.073,0.65,84,7.58
South Korea,developed,1990,1743.3,1253.4,39.7,429.5,15.4,5.2,33.53,1.0255,0.35,0.05,52,1.7
South Korea,developed,1991,1714.8,1221.8,42.5,429.2,16.3,5.0,32.98,1.0087,0.347,0.073,52,1.74
South Korea,developed,1992,1720.8,1213.1,41.6,445.9,14.9,5.1,33.09,1.0122,0.344,0.095,52,1.78
South Korea,developed,1993,1818.8,1325.5,42.7,430.0,15.4,5.3,34.98,1.0699,0.342,0.118,52,1.83
South Korea,developed,1994,1842.1,1341.5,45.9,432.6,16.5,5.7,35.43,1.0836,0.339,0.14,52,1.87
South Korea,developed,1995,1844.1,1299.4,44.9,478.3,15.8,5.7,35.46,1.0848,0.336,0.162,52,1.91
South Korea,developed,1996,1799.2,1298.9,48.4,429.2,16.9,5.7,34.6,1.0583,0.333,0.185,52,1.95
South Korea,developed,1997,1879.8,1373.0,47.5,436.6,16.9,5.7,36.15,1.1058,0.33,0.208,52,2.0
South Korea,developed,1998,1803.9,1305.9,50.8,424.8,16.6,5.8,34.69,1.0611,0.328,0.23,52,2.04
South Korea,developed,1999,1840.9,1285.6,50.4,481.9,17.2,5.9,35.4,1.0829,0.325,0.253,52,2.08
South Korea,developed,2000,1932.7,1370.4,52.6,486.2,17.4,6.0,37.17,1.1369,0.322,0.275,52,2.12
South Korea,developed,2001,1905.1,1373.4,51.4,457.2,17.0,6.1,36.64,1.1206,0.319,0.297,52,2.17
South Korea,developed,2002,1956.4,1422.2,53.5,457.9,16.8,6.0,37.62,1.1508,0.316,0.32,52,2.21
South Korea,developed,2003,1914.0,1380.6,54.9,454.1,18.0,6.4,36.81,1.1259,0.314,0.342,52,2.25
South Korea,developed,2004,1834.0,1306.8,58.7,444.7,17.4,6.4,35.27,1.0788,0.311,0.365,52,2.29
South Korea,developed,2005,1962.5,1415.5,56.5,466.0,18.2,6.3,37.74,1.1544,0.308,0.387,52,2.34
South Korea,developed,2006,1923.4,1364.3,60.5,474.2,18.1,6.3,36.99,1.1314,0.305,0.41,52,2.38
South Korea,developed,2007,1969.5,1380.8,58.8,505.5,18.0,6.4,37.88,1.1585,0.302,0.432,52,2.42
South Korea,developed,2008,1923.5,1368.1,61.0,469.8,17.9,6.7,36.99,1.1315,0.3,0.455,52,2.46
South Korea,developed,2009,1866.6,1330.6,59.3,452.3,17.6,6.8,35.9,1.098,0.297,0.477,52,2.51
South Korea,developed,2010,1915.2,1396.7,61.2,432.1,18.2,7.0,36.83,1.1266,0.294,0.5,52,2.55
South Korea,developed,2011,1935.5,1382.8,64.1,462.4,18.5,7.5,37.22,1.1385,0.291,0.523,52,2.59
South Korea,developed,2012,1908.6,1349.7,65.8,465.4,20.6,7.2,36.7,1.1227,0.288,0.545,52,2.63
South Korea,developed,2013,1973.6,1420.2,64.1,462.0,20.5,6.8,37.95,1.1609,0.286,0.568,52,2.68
South Korea,developed,2014,1829.6,1319.7,65.7,417.8,19.3,7.1,35.18,1.0762,0.283,0.59,52,2.72
South Korea,developed,2015,1981.2,1417.9,65.0,471.1,20.1,7.0,38.1,1.1654,0.28,0.613,52,2.76
South Korea,developed,2016,1835.8,1282.8,72.3,453.5,20.1,7.1,35.3,1.0799,0.277,0.635,52,2.8
South Korea,developed,2017,2002.9,1451.6,70.2,453.7,20.1,7.4,38.52,1.1782,0.274,0.65,52,2.85
South Korea,developed,2018,1956.9,1373.7,73.7,482.8,19.4,7.4,37.63,1.1511,0.272,0.65,52,2.89
South Korea,developed,2019,1918.0,1344.3,71.6,474.6,19.9,7.6,36.88,1.1282,0.269,0.65,52,2.93
South Korea,developed,2020,1953.0,1390.4,71.8,463.6,19.8,7.4,37.56,1.1488,0.266,0.65,52,2.98
South Korea,developed,2021,1980.5,1424.2,75.8,451.6,21.3,7.7,38.09,1.165,0.263,0.65,52,3.02
South Korea,developed,2022,1910.8,1358.9,74.9,449.2,19.8,8.0,36.75,1.124,0.26,0.65,52,3.06
South Korea,developed,2023,1961.1,1393.7,72.8,465.6,21.1,7.9,37.71,1.1536,0.258,0.65,52,3.1
South Korea,developed,2024,1862.7,1295.2,80.4,459.1,20.4,7.7,35.82,1.0957,0.255,0.65,52,3.15
Iran,developing,1990,773.5,547.4,73.5,118.5,25.4,8.7,8.89,1.2891,0.02,0.05,87,0.6
Iran,developing,1991,803.4,566.6,69.1,132.8,25.8,9.0,9.23,1.339,0.02,0.062,87,0.61
Iran,developing,1992,852.3,612.3,73.9,130.9,26.1,9.0,9.8,1.4205,0.02,0.074,87,0.63
Iran,developing,1993,893.3,645.8,73.3,140.0,25.1,9.1,10.27,1.4888,0.02,0.086,87,0.64
Iran,developing,1994,969.8,710.0,79.1,144.9,26.7,9.1,11.15,1.6163,0.019,0.098,87,0.66
Iran,developing,1995,953.1,686.8,81.8,147.0,28.0,9.6,10.96,1.5885,0.019,0.11,87,0.67
Iran,developing,1996,1073.3,789.5,82.5,162.6,28.9,9.8,12.34,1.7888,0.019,0.122,87,0.69
Iran,developing,1997,1108.7,825.5,81.0,164.4,28.3,9.6,12.74,1.8478,0.019,0.134,87,0.7
Iran,developing,1998,1118.5,820.9,82.3,178.9,27.2,9.2,12.86,1.8642,0.019,0.146,87,0.72
Iran,developing,1999,1103.3,786.5,88.2,189.9,29.3,9.4,12.68,1.8389,0.019,0.158,87,0.73
Iran,developing,2000,1131.4,821.8,90.8,180.1,29.0,9.8,13.01,1.8857,0.018,0.17,87,0.75
Iran,developing,2001,1287.3,954.8,89.0,203.5,29.4,10.6,14.8,2.1455,0.018,0.182,87,0.76
Iran,developing,2002,1259.3,932.8,89.2,197.0,30.5,9.9,14.48,2.0989,0.018,0.194,87,0.78
Iran,developing,2003,1267.5,942.5,86.5,200.0,28.4,10.2,14.57,2.1124,0.018,0.206,87,0.79
Iran,developing,2004,1395.5,1045.8,97.5,212.5,28.8,10.9,16.04,2.3259,0.018,0.218,87,0.81
Iran,developing,2005,1400.3,1049.4,98.3,212.2,29.7,10.7,16.1,2.3338,0.018,0.23,87,0.82
Iran,developing,2006,1429.2,1057.8,98.4,231.4,30.8,10.7,16.43,2.382,0.017,0.242,87,0.84
Iran,developing,2007,1487.7,1108.2,101.2,238.0,29.8,10.5,17.1,2.4795,0.017,0.254,87,0.85
Iran,developing,2008,1518.0,1120.1,101.8,251.9,33.1,11.1,17.45,2.53,0.017,0.266,87,0.87
Iran,developing,2009,1540.9,1152.5,103.9,242.2,31.0,11.4,17.71,2.5682,0.017,0.278,87,0.89
Iran,developing,2010,1617.3,1207.3,111.7,255.6,31.7,11.1,18.59,2.6955,0.017,0.29,87,0.9
Iran,developing,2011,1715.0,1292.1,106.3,272.8,32.4,11.3,19.71,2.8583,0.017,0.302,87,0.91
Iran,developing,2012,1678.0,1237.1,103.7,292.4,32.3,12.4,19.29,2.7967,0.016,0.314,87,0.93
Iran,developing,2013,1725.0,1292.6,110.2,277.2,33.1,11.8,19.83,2.8749,0.016,0.326,87,0.95
Iran,developing,2014,1766.3,1311.1,114.2,296.5,32.2,12.3,20.3,2.9439,0.016,0.338,87,0.96
Iran,developing,2015,1785.4,1339.5,106.6,295.6,31.5,12.1,20.52,2.9756,0.016,0.35,87,0.97
Iran,developing,2016,1940.4,1473.2,115.1,306.0,33.7,12.3,22.3,3.2339,0.016,0.362,87,0.99
Iran,developing,2017,1865.0,1371.3,115.7,333.1,33.0,12.0,21.44,3.1083,0.016,0.374,87,1.0
Iran,developing,2018,1967.3,1480.8,120.9,321.4,31.5,12.7,22.61,3.2788,0.016,0.386,87,1.02
Iran,developing,2019,1965.8,1448.0,126.1,342.3,36.6,12.8,22.6,3.2763,0.015,0.398,87,1.03
Iran,developing,2020,2074.6,1583.0,119.8,324.7,34.0,13.1,23.85,3.4576,0.015,0.41,87,1.05
Iran,developing,2021,2062.7,1573.2,122.5,321.5,33.2,12.3,23.71,3.4378,0.015,0.422,87,1.06
Iran,developing,2022,2078.3,1508.1,128.1,394.5,35.1,12.5,23.89,3.4638,0.015,0.434,87,1.08
Iran,developing,2023,2110.9,1576.2,129.5,358.5,33.8,12.9,24.26,3.5182,0.015,0.446,87,1.09
Iran,developing,2024,2173.1,1636.4,130.7,359.6,33.6,12.8,24.98,3.6218,0.015,0.458,87,1.11
Canada,developed,1990,2180.2,1591.2,31.8,541.7,11.5,4.0,55.9,0.991,0.06,0.05,39,2.2
Canada,developed,1991,2199.3,1593.8,31.2,558.4,12.0,3.9,56.39,0.9997,0.06,0.073,39,2.25
Canada,developed,1992,2371.1,1766.7,33.3,555.0,12.0,4.2,60.8,1.0778,0.059,0.095,39,2.31
Canada,developed,1993,2353.8,1687.8,34.0,615.8,12.2,4.0,60.35,1.0699,0.059,0.118,39,2.37
Canada,developed,1994,2376.4,1725.6,34.1,599.8,12.6,4.3,60.93,1.0802,0.058,0.14,39,2.42
Canada,developed,1995,2354.2,1718.5,36.5,581.4,13.5,4.3,60.36,1.0701,0.058,0.162,39,2.48
Canada,developed,1996,2202.9,1612.4,34.8,538.6,13.0,4.1,56.48,1.0013,0.057,0.185,39,2.53
Canada,developed,1997,2387.7,1761.8,38.9,570.3,12.2,4.4,61.22,1.0853,0.057,0.208,39,2.59
Canada,developed,1998,2283.7,1702.4,36.8,527.3,12.5,4.6,58.56,1.0381,0.056,0.23,39,2.64
Canada,developed,1999,2414.9,1790.2,36.2,571.2,12.9,4.3,61.92,1.0977,0.056,0.253,39,2.7
Canada,developed,2000,2351.5,1736.5,37.3,560.7,12.5,4.4,60.29,1.0689,0.055,0.275,39,2.75
Canada,developed,2001,2330.0,1697.6,39.4,576.0,12.4,4.5,59.74,1.0591,0.055,0.297,39,2.81
Canada,developed,2002,2354.1,1731.6,40.2,565.1,12.6,4.6,60.36,1.0701,0.054,0.32,39,2.86
Canada,developed,2003,2407.0,1815.8,42.4,531.0,13.2,4.6,61.72,1.0941,0.054,0.342,39,2.92
Canada,developed,2004,2382.7,1714.3,42.6,608.6,12.6,4.6,61.1,1.0831,0.053,0.365,39,2.97
Canada,developed,2005,2382.6,1705.5,44.4,614.3,13.5,4.9,61.09,1.083,0.053,0.387,39,3.03
Canada,developed,2006,2400.2,1743.0,43.2,595.8,13.4,4.8,61.54,1.091,0.052,0.41,39,3.08
Canada,developed,2007,2485.7,1776.7,46.6,643.6,14.1,4.7,63.74,1.1299,0.052,0.432,39,3.14
Canada,developed,2008,2365.4,1727.4,44.7,574.6,13.9,4.8,60.65,1.0752,0.051,0.455,39,3.19
Canada,developed,2009,2492.2,1880.5,46.2,546.9,13.5,5.1,63.9,1.1328,0.051,0.477,39,3.25
Canada,developed,2010,2453.7,1814.4,50.3,570.0,14.0,5.0,62.91,1.1153,0.05,0.5,39,3.3
Canada,developed,2011,2457.9,1828.1,46.8,563.8,14.3,5.0,63.02,1.1172,0.05,0.523,39,3.35
Canada,developed,2012,2424.1,1797.4,47.4,560.3,13.9,5.2,62.16,1.1019,0.049,0.545,39,3.41
Canada,developed,2013,2572.6,1938.2,47.6,566.6,14.8,5.5,65.97,1.1694,0.049,0.568,39,3.47
Canada,developed,2014,2356.2,1668.8,51.1,616.1,15.0,5.3,60.42,1.071,0.048,0.59,39,3.52
Canada,developed,2015,2509.5,1839.9,51.3,597.6,15.2,5.5,64.35,1.1407,0.048,0.613,39,3.58
Canada,developed,2016,2541.5,1877.0,53.0,591.5,14.5,5.5,65.17,1.1552,0.048,0.635,39,3.63
Canada,developed,2017,2485.2,1797.2,48.8,618.6,15.1,5.5,63.72,1.1296,0.047,0.65,39,3.69
Canada,developed,2018,2508.4,1837.5,53.1,597.6,14.9,5.3,64.32,1.1402,0.047,0.65,39,3.74
Canada,developed,2019,2386.4,1730.1,56.6,578.9,15.2,5.6,61.19,1.0847,0.046,0.65,39,3.8
Canada,developed,2020,2541.0,1833.3,54.1,632.7,15.4,5.6,65.15,1.155,0.046,0.65,39,3.85
Canada,developed,2021,2555.0,1869.6,56.5,608.4,15.0,5.5,65.51,1.1613,0.045,0.65,39,3.91
Canada,developed,2022,2376.3,1706.5,54.8,593.2,15.9,5.8,60.93,1.0801,0.045,0.65,39,3.96
Canada,developed,2023,2426.2,1749.3,55.9,599.6,15.5,5.9,62.21,1.1028,0.044,0.65,39,4.02
Canada,developed,2024,2445.5,1744.4,55.2,624.2,16.0,5.7,62.71,1.1116,0.044,0.65,39,4.07
Saudi Arabia,developing,1990,1276.0,1004.7,31.4,225.6,10.7,3.6,35.44,1.16,0.01,0.05,36,1.1
Saudi Arabia,developing,1991,1295.0,1014.7,30.6,235.1,11.1,3.5,35.97,1.1773,0.01,0.062,36,1.13
Saudi Arabia,developing,1992,1393.2,1107.4,29.9,241.3,11.0,3.7,38.7,1.2665,0.01,0.074,36,1.16
Saudi Arabia,developing,1993,1424.5,1110.8,31.0,267.8,11.1,3.7,39.57,1.295,0.01,0.086,36,1.18
Saudi Arabia,developing,1994,1519.8,1193.1,31.1,280.5,11.4,3.7,42.22,1.3816,0.01,0.098,36,1.21
Saudi Arabia,developing,1995,1632.5,1317.8,32.2,267.0,11.4,4.1,45.35,1.4841,0.01,0.11,36,1.24
Saudi Arabia,developing,1996,1771.5,1423.4,33.8,299.0,11.3,4.0,49.21,1.6104,0.01,0.122,36,1.26
Saudi Arabia,developing,1997,1664.6,1299.3,34.6,315.2,11.4,4.1,46.24,1.5133,0.009,0.134,36,1.29
Saudi Arabia,developing,1998,1846.2,1483.0,35.3,312.9,11.0,4.0,51.28,1.6784,0.009,0.146,36,1.32
Saudi Arabia,developing,1999,1847.0,1449.8,35.4,345.9,12.0,3.9,51.3,1.6791,0.009,0.158,36,1.35
Saudi Arabia,developing,2000,1958.2,1546.1,35.0,361.9,11.2,4.1,54.4,1.7802,0.009,0.17,36,1.38
Saudi Arabia,developing,2001,2018.4,1608.5,37.4,356.0,12.4,4.1,56.07,1.8349,0.009,0.182,36,1.4
Saudi Arabia,developing,2002,2187.6,1756.5,38.6,376.5,11.8,4.2,60.77,1.9887,0.009,0.194,36,1.43
Saudi Arabia,developing,2003,2108.9,1655.5,39.0,398.5,11.8,4.2,58.58,1.9172,0.009,0.206,36,1.46
Saudi Arabia,developing,2004,2396.4,1944.9,38.8,396.3,12.1,4.3,66.57,2.1785,0.009,0.218,36,1.49
Saudi Arabia,developing,2005,2349.4,1869.4,42.0,420.7,12.9,4.4,65.26,2.1358,0.009,0.23,36,1.51
Saudi Arabia,developing,2006,2423.8,1946.6,41.8,418.8,12.2,4.3,67.33,2.2034,0.009,0.242,36,1.54
Saudi Arabia,developing,2007,2610.0,2113.3,42.2,437.7,12.3,4.5,72.5,2.3727,0.009,0.254,36,1.57
Saudi Arabia,developing,2008,2499.3,1986.8,42.8,452.3,12.8,4.6,69.43,2.2721,0.009,0.266,36,1.59
Saudi Arabia,developing,2009,2660.8,2156.0,42.7,445.0,12.6,4.6,73.91,2.419,0.008,0.278,36,1.62
Saudi Arabia,developing,2010,2674.8,2133.5,43.0,480.9,12.7,4.7,74.3,2.4317,0.008,0.29,36,1.65
Saudi Arabia,developing,2011,2830.7,2278.2,45.7,488.6,13.3,4.9,78.63,2.5734,0.008,0.302,36,1.68
Saudi Arabia,developing,2012,2939.4,2346.7,45.4,529.5,13.0,4.7,81.65,2.6722,0.008,0.314,36,1.71
Saudi Arabia,developing,2013,2917.4,2309.0,47.4,543.5,13.0,4.6,81.04,2.6522,0.008,0.326,36,1.73
Saudi Arabia,developing,2014,2941.8,2340.4,47.4,536.4,12.9,4.8,81.72,2.6744,0.008,0.338,36,1.76
Saudi Arabia,developing,2015,3141.1,2498.0,46.2,577.6,14.3,5.1,87.25,2.8555,0.008,0.35,36,1.79
Saudi Arabia,developing,2016,3040.5,2429.5,47.5,545.3,13.3,5.0,84.46,2.7641,0.008,0.362,36,1.81
Saudi Arabia,developing,2017,3078.5,2463.6,46.4,549.9,13.4,5.2,85.51,2.7987,0.008,0.374,36,1.84
Saudi Arabia,developing,2018,3182.4,2556.9,48.4,557.5,14.5,5.1,88.4,2.8931,0.008,0.386,36,1.87
Saudi Arabia,developing,2019,3273.3,2608.4,49.8,595.6,14.3,5.3,90.93,2.9758,0.008,0.398,36,1.9
Saudi Arabia,developing,2020,3239.5,2540.3,48.6,632.4,12.9,5.2,89.99,2.945,0.008,0.41,36,1.93
Saudi Arabia,developing,2021,3423.6,2688.0,55.8,660.0,14.3,5.4,95.1,3.1124,0.008,0.422,36,1.95
Saudi Arabia,developing,2022,3620.8,2926.2,53.3,620.8,15.2,5.3,100.58,3.2916,0.007,0.434,36,1.98
Saudi Arabia,developing,2023,3606.6,2881.8,53.9,650.5,14.9,5.6,100.18,3.2788,0.007,0.446,36,2.01
Saudi Arabia,developing,2024,3850.4,3154.9,51.4,624.4,14.0,5.6,106.95,3.5003,0.007,0.458,36,2.04
Brazil,developing,1990,2332.9,1676.8,177.9,390.5,65.9,21.8,10.85,1.2279,0.05,0.05,215,1.9
Brazil,developing,1991,2444.6,1786.7,180.9,390.6,63.3,23.0,11.37,1.2866,0.05,0.062,215,1.95
Brazil,developing,1992,2447.4,1777.3,179.4,402.6,65.6,22.6,11.38,1.2881,0.049,0.074,215,1.99
Brazil,developing,1993,2764.7,2055.1,177.5,439.5,69.5,23.1,12.86,1.4551,0.049,0.086,215,2.04
Brazil,developing,1994,2882.7,2137.3,198.6,453.3,70.7,22.8,13.41,1.5172,0.048,0.098,215,2.09
Brazil,developing,1995,2895.5,2112.7,201.8,487.7,69.4,23.9,13.47,1.5239,0.048,0.11,215,2.14
Brazil,developing,1996,3076.1,2286.9,191.2,509.8,65.7,22.5,14.31,1.619,0.048,0.122,215,2.18
Brazil,developing,1997,3270.6,2419.8,219.6,539.3,69.9,22.0,15.21,1.7214,0.047,0.134,215,2.23
Brazil,developing,1998,3441.0,2559.6,196.8,591.9,68.0,24.7,16.0,1.8111,0.047,0.146,215,2.28
Brazil,developing,1999,3728.4,2877.9,198.7,558.6,69.0,24.3,17.34,1.9623,0.046,0.158,215,2.33
Brazil,developing,2000,3401.9,2513.0,215.5,575.9,73.4,24.2,15.82,1.7905,0.046,0.17,215,2.38
Brazil,developing,2001,3929.9,2999.4,223.2,611.4,70.4,25.5,18.28,2.0684,0.046,0.182,215,2.42
Brazil,developing,2002,3954.4,3015.5,214.5,629.2,70.2,24.9,18.39,2.0812,0.045,0.194,215,2.47
Brazil,developing,2003,3984.2,3035.4,228.5,622.6,72.3,25.4,18.53,2.0969,0.045,0.206,215,2.52
Brazil,developing,2004,4176.3,3145.5,225.9,698.6,78.8,27.4,19.42,2.198,0.044,0.218,215,2.56
Brazil,developing,2005,4411.1,3328.9,242.9,742.4,70.5,26.3,20.52,2.3216,0.044,0.23,215,2.61
Brazil,developing,2006,4337.2,3261.5,227.0,745.8,77.5,25.5,20.17,2.2827,0.044,0.242,215,2.66
Brazil,developing,2007,4689.1,3525.9,246.6,810.5,79.0,27.0,21.81,2.4679,0.043,0.254,215,2.71
Brazil,developing,2008,4720.6,3608.7,237.6,770.9,76.7,26.7,21.96,2.4845,0.043,0.266,215,2.75
Brazil,developing,2009,5036.3,3900.7,257.5,775.5,75.9,26.7,23.42,2.6507,0.042,0.278,215,2.8
Brazil,developing,2010,5076.2,3867.0,256.6,846.6,77.5,28.5,23.61,2.6717,0.042,0.29,215,2.85
Brazil,developing,2011,5082.7,3896.7,257.3,824.6,76.5,27.7,23.64,2.6751,0.042,0.302,215,2.9
Brazil,developing,2012,5269.8,4022.9,273.5,865.4,77.4,30.7,24.51,2.7736,0.041,0.314,215,2.94
Brazil,developing,2013,5366.7,4059.1,265.2,932.4,80.6,29.4,24.96,2.8246,0.041,0.326,215,2.99
Brazil,developing,2014,5478.2,4141.6,275.6,949.5,81.7,29.8,25.48,2.8833,0.04,0.338,215,3.04
Brazil,developing,2015,5549.1,4201.2,279.8,961.8,76.9,29.4,25.81,2.9206,0.04,0.35,215,3.09
Brazil,developing,2016,5627.1,4245.9,283.0,989.9,79.1,29.3,26.17,2.9617,0.04,0.362,215,3.13
Brazil,developing,2017,5960.7,4614.3,293.9,941.1,82.5,28.9,27.72,3.1372,0.039,0.374,215,3.18
Brazil,developing,2018,5907.6,4470.6,290.7,1027.6,87.4,31.3,27.48,3.1092,0.039,0.386,215,3.23
Brazil,developing,2019,5835.0,4401.3,294.2,1026.1,81.5,31.9,27.14,3.0711,0.038,0.398,215,3.28
Brazil,developing,2020,6384.5,4851.2,305.8,1112.8,82.9,31.8,29.7,3.3602,0.038,0.41,215,3.32
Brazil,developing,2021,6783.2,5305.0,301.1,1064.7,82.2,30.2,31.55,3.5701,0.038,0.422,215,3.37
Brazil,developing,2022,6526.2,5020.6,312.6,1074.9,85.7,32.3,30.35,3.4348,0.037,0.434,215,3.42
Brazil,developing,2023,6271.9,4664.6,314.8,1170.8,88.3,33.4,29.17,3.301,0.037,0.446,215,3.47
Brazil,developing,2024,6708.9,5170.4,307.1,1112.2,87.8,31.4,31.2,3.531,0.036,0.458,215,3.52
Mexico,developing,1990,1679.5,1264.0,107.3,256.2,39.5,12.4,12.92,1.2919,0.06,0.05,130,1.3
Mexico,developing,1991,1755.9,1337.8,104.8,261.2,38.8,13.3,13.51,1.3507,0.06,0.062,130,1.33
Mexico,developing,1992,1769.1,1309.8,113.3,292.2,40.5,13.3,13.61,1.3609,0.059,0.074,130,1.37
Mexico,developing,1993,1885.2,1419.4,108.3,303.5,40.8,13.1,14.5,1.4501,0.059,0.086,130,1.4
Mexico,developing,1994,1969.0,1478.5,114.1,321.2,41.7,13.5,15.15,1.5146,0.058,0.098,130,1.43
Mexico,developing,1995,2106.0,1598.5,117.4,334.4,42.0,13.7,16.2,1.62,0.058,0.11,130,1.46
Mexico,developing,1996,2167.6,1640.4,119.7,352.5,41.3,13.8,16.67,1.6674,0.057,0.122,130,1.49
Mexico,developing,1997,2202.2,1678.2,124.7,343.3,41.5,14.5,16.94,1.694,0.057,0.134,130,1.53
Mexico,developing,1998,2261.3,1728.6,121.6,354.8,42.1,14.3,17.39,1.7395,0.056,0.146,130,1.56
Mexico,developing,1999,2318.7,1761.4,129.4,372.5,40.1,15.4,17.84,1.7837,0.056,0.158,130,1.59
Mexico,developing,2000,2510.2,1908.6,132.4,407.3,46.3,15.5,19.31,1.9309,0.055,0.17,130,1.62
Mexico,developing,2001,2617.1,1990.3,133.2,435.0,43.7,15.0,20.13,2.0132,0.055,0.182,130,1.66
Mexico,developing,2002,2654.3,2022.0,130.7,443.9,42.9,14.8,20.42,2.0418,0.054,0.194,130,1.69
Mexico,developing,2003,2845.7,2185.5,134.5,463.7,46.3,15.6,21.89,2.189,0.054,0.206,130,1.72
Mexico,developing,2004,2797.5,2096.0,138.3,502.6,44.6,15.9,21.52,2.1519,0.053,0.218,130,1.76
Mexico,developing,2005,3045.8,2380.6,141.9,463.4,44.3,15.6,23.43,2.343,0.053,0.23,130,1.79
Mexico,developing,2006,2973.3,2295.2,150.2,466.9,45.0,16.1,22.87,2.2872,0.052,0.242,130,1.82
Mexico,developing,2007,2872.9,2145.2,154.2,512.1,45.4,16.1,22.1,2.2099,0.052,0.254,130,1.85
Mexico,developing,2008,3167.1,2404.2,150.9,550.0,45.8,16.0,24.36,2.4362,0.051,0.266,130,1.89
Mexico,developing,2009,3238.8,2480.1,155.3,541.8,45.9,15.7,24.91,2.4914,0.051,0.278,130,1.92
Mexico,developing,2010,3375.5,2551.3,149.5,611.9,45.4,17.3,25.97,2.5965,0.05,0.29,130,1.95
Mexico,developing,2011,3442.6,2643.5,154.1,582.0,45.5,17.5,26.48,2.6481,0.05,0.302,130,1.98
Mexico,developing,2012,3609.0,2771.2,166.9,604.0,49.0,17.8,27.76,2.7761,0.049,0.314,130,2.02
Mexico,developing,2013,3630.0,2822.6,166.6,574.4,49.6,16.9,27.92,2.7923,0.049,0.326,130,2.05
Mexico,developing,2014,3767.7,2918.5,171.5,611.1,49.0,17.6,28.98,2.8982,0.048,0.338,130,2.08
Mexico,developing,2015,3942.4,3010.3,174.4,690.0,49.7,17.9,30.33,3.0326,0.048,0.35,130,2.11
Mexico,developing,2016,3791.7,2927.7,178.0,621.1,47.2,17.7,29.17,2.9167,0.048,0.362,130,2.15
Mexico,developing,2017,3923.3,3012.4,170.8,671.9,50.1,18.1,30.18,3.018,0.047,0.374,130,2.18
Mexico,developing,2018,3991.5,3010.9,179.4,733.3,48.7,19.2,30.7,3.0704,0.047,0.386,130,2.21
Mexico,developing,2019,4137.5,3151.7,173.0,739.4,54.3,19.2,31.83,3.1827,0.046,0.398,130,2.24
Mexico,developing,2020,4346.7,3348.6,180.7,746.9,51.0,19.5,33.44,3.3436,0.046,0.41,130,2.27
Mexico,developing,2021,4215.3,3238.0,184.3,723.1,51.1,18.8,32.43,3.2425,0.045,0.422,130,2.31
Mexico,developing,2022,4359.7,3367.7,189.9,729.4,53.4,19.3,33.54,3.3536,0.045,0.434,130,2.34
Mexico,developing,2023,4502.1,3438.3,199.9,790.2,54.6,19.2,34.63,3.4632,0.044,0.446,130,2.37
Mexico,developing,2024,4687.2,3567.7,192.9,855.2,52.4,18.9,36.06,3.6055,0.044,0.458,130,2.41
Australia,developed,1990,1681.3,1240.8,20.0,410.0,8.0,2.5,64.67,0.989,0.28,0.05,26,1.7
Australia,developed,1991,1726.9,1259.6,21.9,434.8,8.0,2.6,66.42,1.0158,0.278,0.073,26,1.74
Australia,developed,1992,1786.4,1328.0,21.5,426.4,7.9,2.7,68.71,1.0509,0.276,0.095,26,1.78
Australia,developed,1993,1697.1,1250.5,22.1,413.9,7.9,2.6,65.27,0.9983,0.273,0.118,26,1.83
Australia,developed,1994,1708.1,1232.2,21.6,443.1,8.4,2.8,65.69,1.0047,0.271,0.14,26,1.87
Australia,developed,1995,1741.8,1278.3,23.8,428.9,8.1,2.7,66.99,1.0246,0.269,0.162,26,1.91
Australia,developed,1996,1734.6,1258.1,25.1,440.6,8.0,2.9,66.72,1.0204,0.267,0.185,26,1.95
Australia,developed,1997,1856.5,1389.4,23.2,432.6,8.5,2.8,71.41,1.0921,0.264,0.208,26,2.0
Australia,developed,1998,1794.7,1308.1,24.3,450.8,8.6,2.9,69.03,1.0557,0.262,0.23,26,2.04
Australia,developed,1999,1841.5,1366.8,25.0,438.5,8.1,3.0,70.83,1.0832,0.26,0.253,26,2.08
Australia,developed,2000,1798.8,1328.5,27.2,431.6,8.5,3.0,69.18,1.0581,0.258,0.275,26,2.12
Australia,developed,2001,1779.8,1288.9,27.4,451.7,8.6,3.2,68.45,1.047,0.255,0.297,26,2.17
Australia,developed,2002,1946.6,1422.1,25.4,486.7,9.4,2.9,74.87,1.145,0.253,0.32,26,2.21
Australia,developed,2003,1777.7,1284.7,27.7,453.7,8.5,3.2,68.37,1.0457,0.251,0.342,26,2.25
Australia,developed,2004,1901.9,1428.0,27.3,434.3,9.2,3.1,73.15,1.1188,0.249,0.365,26,2.29
Australia,developed,2005,1955.8,1459.5,29.0,455.5,8.6,3.2,75.22,1.1505,0.246,0.387,26,2.34
Australia,developed,2006,1867.9,1409.9,28.3,417.5,9.0,3.2,71.84,1.0988,0.244,0.41,26,2.38
Australia,developed,2007,1827.8,1292.4,32.3,490.5,9.2,3.3,70.3,1.0752,0.242,0.432,26,2.42
Australia,developed,2008,1857.8,1356.0,31.6,457.9,9.0,3.2,71.45,1.0928,0.24,0.455,26,2.46
Australia,developed,2009,1852.6,1330.4,28.7,481.3,9.0,3.2,71.25,1.0898,0.237,0.477,26,2.51
Australia,developed,2010,1837.7,1300.7,30.0,494.6,9.1,3.4,70.68,1.081,0.235,0.5,26,2.55
Australia,developed,2011,1823.3,1325.0,31.5,454.2,9.3,3.4,70.13,1.0726,0.233,0.523,26,2.59
Australia,developed,2012,1862.0,1337.5,31.7,480.0,9.4,3.4,71.62,1.0953,0.231,0.545,26,2.63
Australia,developed,2013,1805.8,1303.3,32.4,456.9,9.6,3.6,69.45,1.0622,0.228,0.568,26,2.68
Australia,developed,2014,1925.9,1414.9,31.9,465.7,9.7,3.7,74.07,1.1329,0.226,0.59,26,2.72
Australia,developed,2015,1920.2,1393.8,34.4,478.3,10.2,3.5,73.85,1.1295,0.224,0.613,26,2.76
Australia,developed,2016,1849.6,1349.9,34.0,452.1,10.1,3.5,71.14,1.088,0.222,0.635,26,2.8
Australia,developed,2017,1886.6,1369.7,34.3,469.0,10.0,3.6,72.56,1.1098,0.22,0.65,26,2.85
Australia,developed,2018,1926.3,1448.1,36.0,428.2,10.3,3.7,74.09,1.1331,0.217,0.65,26,2.89
Australia,developed,2019,1909.2,1419.7,37.9,437.2,10.6,3.8,73.43,1.1231,0.215,0.65,26,2.93
Australia,developed,2020,1955.6,1463.9,36.7,441.4,9.8,3.8,75.22,1.1504,0.213,0.65,26,2.98
Australia,developed,2021,1929.2,1392.4,37.8,485.5,9.8,3.8,74.2,1.1348,0.211,0.65,26,3.02
Australia,developed,2022,1935.9,1444.1,39.2,438.2,10.5,4.0,74.46,1.1388,0.208,0.65,26,3.06
Australia,developed,2023,1860.6,1350.2,38.3,458.0,10.4,3.8,71.56,1.0945,0.206,0.65,26,3.1
Australia,developed,2024,1826.0,1321.5,38.2,452.3,10.0,3.9,70.23,1.0741,0.204,0.65,26,3.15
Indonesia,developing,1990,1726.4,1136.0,217.7,261.0,84.0,27.8,6.23,1.328,0.4,0.05,277,1.3
Indonesia,developing,1991,1912.5,1303.4,226.1,267.3,87.2,28.5,6.9,1.4711,0.397,0.062,277,1.33
Indonesia,developing,1992,2003.2,1372.1,226.4,294.7,81.6,28.5,7.23,1.541,0.394,0.074,277,1.37
Indonesia,developing,1993,2129.4,1467.6,242.8,303.5,84.9,30.5,7.69,1.638,0.39,0.086,277,1.4
Indonesia,developing,1994,2086.8,1413.8,240.8,312.2,92.2,27.7,7.53,1.6052,0.387,0.098,277,1.43
Indonesia,developing,1995,2307.9,1595.5,250.3,342.2,90.4,29.4,8.33,1.7753,0.384,0.11,277,1.46
Indonesia,developing,1996,2279.0,1563.8,252.3,342.1,89.9,30.9,8.23,1.7531,0.381,0.122,277,1.49
Indonesia,developing,1997,2442.9,1704.1,257.5,363.0,86.9,31.3,8.82,1.8792,0.378,0.134,277,1.53
Indonesia,developing,1998,2463.5,1729.6,265.1,349.0,88.9,30.8,8.89,1.895,0.374,0.146,277,1.56
Indonesia,developing,1999,2606.2,1824.3,260.9,401.6,88.4,31.0,9.41,2.0047,0.371,0.158,277,1.59
Indonesia,developing,2000,2779.3,1954.1,276.4,425.5,91.6,31.8,10.03,2.1379,0.368,0.17,277,1.62
Indonesia,developing,2001,2897.3,2077.0,278.3,420.3,88.7,33.0,10.46,2.2287,0.365,0.182,277,1.66
Indonesia,developing,2002,2787.4,1955.2,291.4,416.8,91.2,32.7,10.06,2.1441,0.362,0.194,277,1.69
Indonesia,developing,2003,3021.9,2171.3,304.4,413.1,99.7,33.5,10.91,2.3245,0.358,0.206,277,1.72
Indonesia,developing,2004,2982.7,2116.7,291.8,449.2,92.5,32.4,10.77,2.2944,0.355,0.218,277,1.76
Indonesia,developing,2005,3288.9,2376.1,329.3,454.7,95.8,33.1,11.87,2.5299,0.352,0.23,277,1.79
Indonesia,developing,2006,3214.0,2282.2,302.7,493.6,99.6,36.0,11.6,2.4723,0.349,0.242,277,1.82
Indonesia,developing,2007,3517.6,2527.8,321.3,538.4,96.3,33.8,12.7,2.7058,0.346,0.254,277,1.85
Indonesia,developing,2008,3413.8,2423.1,319.9,540.3,95.4,35.1,12.32,2.626,0.342,0.266,277,1.89
Indonesia,developing,2009,3392.5,2373.5,325.3,560.2,100.0,33.6,12.25,2.6096,0.339,0.278,277,1.92
Indonesia,developing,2010,3640.0,2652.4,330.9,517.9,102.7,36.1,13.14,2.8,0.336,0.29,277,1.95
Indonesia,developing,2011,3782.6,2705.7,336.2,600.9,103.6,36.2,13.66,2.9097,0.333,0.302,277,1.98
Indonesia,developing,2012,3811.3,2729.3,354.9,589.8,101.3,36.0,13.76,2.9318,0.33,0.314,277,2.02
Indonesia,developing,2013,3975.4,2885.0,326.3,624.5,102.9,36.8,14.35,3.058,0.326,0.326,277,2.05
Indonesia,developing,2014,4033.4,2872.9,370.4,654.1,99.6,36.5,14.56,3.1026,0.323,0.338,277,2.08
Indonesia,developing,2015,4157.8,2974.7,349.2,687.5,110.0,36.5,15.01,3.1983,0.32,0.35,277,2.11
Indonesia,developing,2016,4169.7,3003.4,352.7,668.9,105.4,39.3,15.05,3.2075,0.317,0.362,277,2.15
Indonesia,developing,2017,4450.0,3279.6,375.7,651.8,104.1,38.8,16.07,3.4231,0.314,0.374,277,2.18
Indonesia,developing,2018,4251.1,3073.7,369.4,658.1,111.2,38.8,15.35,3.2701,0.31,0.386,277,2.21
Indonesia,developing,2019,4426.2,3182.1,400.4,697.3,105.5,41.0,15.98,3.4047,0.307,0.398,277,2.24
Indonesia,developing,2020,4555.7,3228.0,380.2,802.0,105.3,40.3,16.45,3.5044,0.304,0.41,277,2.27
Indonesia,developing,2021,4484.4,3182.7,409.0,743.1,109.5,40.1,16.19,3.4496,0.301,0.422,277,2.31
Indonesia,developing,2022,4475.9,3162.7,392.5,772.8,108.3,39.7,16.16,3.443,0.298,0.434,277,2.34
Indonesia,developing,2023,5117.3,3768.2,423.3,775.5,109.4,41.0,18.47,3.9364,0.294,0.446,277,2.37
Indonesia,developing,2024,4795.0,3429.4,422.3,794.0,107.1,42.2,17.31,3.6885,0.291,0.458,277,2.41
Turkey,developing,1990,1116.2,832.1,65.0,184.8,25.5,8.8,13.13,1.2402,0.28,0.05,85,0.9
Turkey,developing,1991,1143.3,841.9,70.7,196.2,25.9,8.6,13.45,1.2704,0.278,0.062,85,0.92
Turkey,developing,1992,1278.4,952.2,69.0,221.9,26.6,8.7,15.04,1.4204,0.276,0.074,85,0.95
Turkey,developing,1993,1291.2,978.8,76.8,201.6,25.1,8.9,15.19,1.4347,0.273,0.086,85,0.97
Turkey,developing,1994,1332.3,995.9,72.8,229.4,25.6,8.6,15.67,1.4804,0.271,0.098,85,0.99
Turkey,developing,1995,1430.6,1072.6,76.5,244.9,27.5,9.1,16.83,1.5895,0.269,0.11,85,1.01
Turkey,developing,1996,1445.3,1088.7,73.7,244.8,28.7,9.4,17.0,1.6058,0.267,0.122,85,1.03
Turkey,developing,1997,1568.3,1205.8,81.2,244.5,27.1,9.7,18.45,1.7426,0.264,0.134,85,1.06
Turkey,developing,1998,1656.7,1258.2,83.1,278.1,28.2,9.2,19.49,1.8407,0.262,0.146,85,1.08
Turkey,developing,1999,1710.2,1310.8,83.2,279.5,27.2,9.5,20.12,1.9002,0.26,0.158,85,1.1
Turkey,developing,2000,1775.7,1363.3,84.8,289.4,28.0,10.2,20.89,1.973,0.258,0.17,85,1.12
Turkey,developing,2001,1678.5,1233.3,91.3,314.9,29.1,9.9,19.75,1.865,0.255,0.182,85,1.15
Turkey,developing,2002,1916.5,1459.5,89.4,328.5,29.0,10.1,22.55,2.1294,0.253,0.194,85,1.17
Turkey,developing,2003,1846.6,1398.0,90.7,318.9,29.0,10.0,21.72,2.0518,0.251,0.206,85,1.19
Turkey,developing,2004,1926.3,1479.0,91.2,316.8,29.0,10.4,22.66,2.1404,0.249,0.218,85,1.22
Turkey,developing,2005,2070.1,1604.2,94.3,333.0,27.9,10.7,24.35,2.3001,0.246,0.23,85,1.24
Turkey,developing,2006,2109.3,1601.2,97.3,369.5,30.5,10.9,24.82,2.3437,0.244,0.242,85,1.26
Turkey,developing,2007,2194.6,1678.8,100.3,373.7,31.4,10.4,25.82,2.4385,0.242,0.254,85,1.28
Turkey,developing,2008,2171.8,1665.1,98.8,368.0,29.3,10.6,25.55,2.4132,0.24,0.266,85,1.3
Turkey,developing,2009,2203.8,1671.4,106.2,383.4,32.0,10.9,25.93,2.4487,0.237,0.278,85,1.33
Turkey,developing,2010,2359.3,1808.6,105.4,406.1,28.3,11.0,27.76,2.6214,0.235,0.29,85,1.35
Turkey,developing,2011,2252.7,1733.7,99.9,379.3,29.1,10.7,26.5,2.5029,0.233,0.302,85,1.37
Turkey,developing,2012,2503.2,1914.0,99.9,447.8,30.6,11.0,29.45,2.7814,0.231,0.314,85,1.4
Turkey,developing,2013,2491.0,1918.7,109.7,421.4,29.7,11.5,29.31,2.7678,0.228,0.326,85,1.42
Turkey,developing,2014,2598.0,1999.6,108.7,444.4,33.1,12.2,30.57,2.8867,0.226,0.338,85,1.44
Turkey,developing,2015,2759.8,2141.9,110.5,463.5,32.4,11.5,32.47,3.0665,0.224,0.35,85,1.46
Turkey,developing,2016,2706.8,2090.8,110.1,464.1,30.0,11.7,31.84,3.0075,0.222,0.362,85,1.48
Turkey,developing,2017,2881.7,2259.7,114.2,463.6,32.4,11.8,33.9,3.2018,0.22,0.374,85,1.51
Turkey,developing,2018,2833.4,2185.6,110.1,493.0,33.1,11.6,33.33,3.1482,0.217,0.386,85,1.53
Turkey,developing,2019,2975.2,2317.9,116.1,494.5,34.4,12.2,35.0,3.3058,0.215,0.398,85,1.55
Turkey,developing,2020,2951.8,2243.8,120.2,541.8,33.5,12.4,34.73,3.2797,0.213,0.41,85,1.57
Turkey,developing,2021,2991.1,2329.1,114.8,500.0,34.7,12.5,35.19,3.3235,0.211,0.422,85,1.6
Turkey,developing,2022,3181.8,2503.8,118.1,513.5,33.4,13.0,37.43,3.5353,0.208,0.434,85,1.62
Turkey,developing,2023,3066.7,2339.2,122.6,559.1,33.2,12.6,36.08,3.4074,0.206,0.446,85,1.64
Turkey,developing,2024,3260.2,2529.1,127.6,556.2,34.3,13.1,38.36,3.6225,0.204,0.458,85,1.67
United Kingdom,developed,1990,3107.3,2281.7,57.2,740.5,21.5,6.5,45.7,1.0024,0.02,0.05,68,3.1
United Kingdom,developed,1991,3194.9,2386.1,56.5,725.3,20.2,6.7,46.98,1.0306,0.02,0.073,68,3.18
United Kingdom,developed,1992,3078.1,2267.9,57.6,725.2,20.4,7.0,45.27,0.9929,0.02,0.095,68,3.26
United Kingdom,developed,1993,3186.0,2318.2,59.5,779.3,21.9,7.1,46.85,1.0277,0.02,0.118,68,3.33
United Kingdom,developed,1994,3304.1,2412.6,58.9,805.6,19.8,7.2,48.59,1.0658,0.019,0.14,68,3.41
United Kingdom,developed,1995,3433.7,2512.5,61.1,829.9,22.8,7.3,50.5,1.1077,0.019,0.162,68,3.49
United Kingdom,developed,1996,3504.9,2608.8,65.0,801.9,21.5,7.7,51.54,1.1306,0.019,0.185,68,3.56
United Kingdom,developed,1997,3238.1,2319.5,63.7,824.9,22.0,7.9,47.62,1.0445,0.019,0.208,68,3.64
United Kingdom,developed,1998,3491.5,2539.6,64.8,857.3,21.9,7.9,51.35,1.1263,0.019,0.23,68,3.72
United Kingdom,developed,1999,3386.0,2486.8,65.5,803.2,23.1,7.5,49.79,1.0923,0.019,0.253,68,3.8
United Kingdom,developed,2000,3401.3,2526.8,68.3,774.1,24.2,7.9,50.02,1.0972,0.018,0.275,68,3.88
United Kingdom,developed,2001,3359.6,2455.8,71.2,802.2,22.4,8.0,49.41,1.0837,0.018,0.297,68,3.95
United Kingdom,developed,2002,3279.6,2377.2,74.5,796.8,23.2,7.9,48.23,1.0579,0.018,0.32,68,4.03
United Kingdom,developed,2003,3357.3,2401.5,69.7,855.0,22.9,8.2,49.37,1.083,0.018,0.342,68,4.11
United Kingdom,developed,2004,3306.0,2415.5,71.7,786.1,24.4,8.4,48.62,1.0665,0.018,0.365,68,4.19
United Kingdom,developed,2005,3469.7,2543.0,76.4,817.8,23.9,8.6,51.03,1.1193,0.018,0.387,68,4.26
United Kingdom,developed,2006,3478.2,2562.8,76.5,806.8,23.9,8.2,51.15,1.122,0.017,0.41,68,4.34
United Kingdom,developed,2007,3269.3,2331.0,80.1,825.9,23.4,8.8,48.08,1.0546,0.017,0.432,68,4.42
United Kingdom,developed,2008,3410.6,2488.3,80.6,809.7,22.9,9.1,50.16,1.1002,0.017,0.455,68,4.5
United Kingdom,developed,2009,3592.8,2674.6,81.4,804.9,23.3,8.6,52.84,1.159,0.017,0.477,68,4.57
United Kingdom,developed,2010,3443.1,2504.8,82.7,822.3,24.4,8.9,50.63,1.1107,0.017,0.5,68,4.65
United Kingdom,developed,2011,3417.5,2482.4,86.0,816.0,24.4,8.7,50.26,1.1024,0.017,0.523,68,4.73
United Kingdom,developed,2012,3574.2,2616.5,81.1,843.2,24.9,8.5,52.56,1.153,0.016,0.545,68,4.81
United Kingdom,developed,2013,3526.1,2582.7,85.5,822.5,26.1,9.2,51.85,1.1374,0.016,0.568,68,4.88
United Kingdom,developed,2014,3369.1,2398.3,86.3,850.4,25.0,9.2,49.55,1.0868,0.016,0.59,68,4.96
United Kingdom,developed,2015,3294.3,2355.9,90.8,812.3,25.9,9.4,48.45,1.0627,0.016,0.613,68,5.04
United Kingdom,developed,2016,3525.1,2563.1,89.5,836.6,26.7,9.2,51.84,1.1371,0.016,0.635,68,5.12
United Kingdom,developed,2017,3727.2,2767.7,91.3,833.5,25.5,9.2,54.81,1.2023,0.016,0.65,68,5.19
United Kingdom,developed,2018,3289.9,2367.3,94.1,793.7,25.4,9.3,48.38,1.0613,0.016,0.65,68,5.27
United Kingdom,developed,2019,3498.2,2529.8,92.7,840.7,25.5,9.4,51.44,1.1284,0.015,0.65,68,5.35
United Kingdom,developed,2020,3508.9,2617.1,98.6,756.6,26.5,10.1,51.6,1.1319,0.015,0.65,68,5.42
United Kingdom,developed,2021,3485.7,2526.2,94.7,829.0,25.9,9.9,51.26,1.1244,0.015,0.65,68,5.5
United Kingdom,developed,2022,3513.5,2509.7,103.4,862.6,27.2,10.5,51.67,1.1334,0.015,0.65,68,5.58
United Kingdom,developed,2023,3441.7,2507.6,106.2,790.1,27.3,10.5,50.61,1.1102,0.015,0.65,68,5.66
United Kingdom,developed,2024,3490.5,2539.3,98.2,815.6,27.5,10.0,51.33,1.126,0.015,0.65,68,5.74
France,developed,1990,2986.9,2213.2,53.2,693.8,20.1,6.7,43.93,1.03,0.02,0.05,68,2.9
France,developed,1991,3127.9,2298.7,57.6,743.5,21.2,7.0,46.0,1.0786,0.02,0.073,68,2.97
France,developed,1992,2894.9,2072.8,55.8,739.6,20.0,6.8,42.57,0.9983,0.02,0.095,68,3.04
France,developed,1993,3029.1,2180.0,60.2,760.5,21.5,6.8,44.54,1.0445,0.02,0.118,68,3.12
France,developed,1994,2993.8,2135.7,62.7,765.5,22.2,7.7,44.03,1.0323,0.019,0.14,68,3.19
France,developed,1995,2978.9,2166.8,63.5,722.0,19.6,7.1,43.81,1.0272,0.019,0.162,68,3.26
France,developed,1996,3073.2,2208.3,64.4,771.7,21.2,7.5,45.19,1.0597,0.019,0.185,68,3.33
France,developed,1997,3278.5,2444.2,62.2,743.4,21.3,7.4,48.21,1.1305,0.019,0.208,68,3.41
France,developed,1998,3032.8,2193.0,67.3,742.4,22.4,7.8,44.6,1.0458,0.019,0.23,68,3.48
France,developed,1999,3034.7,2215.5,67.3,721.2,22.5,8.2,44.63,1.0465,0.019,0.253,68,3.55
France,developed,2000,3129.0,2250.0,71.4,777.9,21.8,7.9,46.01,1.079,0.018,0.275,68,3.62
France,developed,2001,3128.9,2216.5,66.5,814.5,23.2,8.3,46.01,1.0789,0.018,0.297,68,3.7
France,developed,2002,3275.0,2419.4,68.8,755.0,23.8,8.0,48.16,1.1293,0.018,0.32,68,3.77
France,developed,2003,3287.9,2390.4,71.0,795.3,23.3,8.0,48.35,1.1338,0.018,0.342,68,3.84
France,developed,2004,3224.9,2378.2,77.5,737.7,23.2,8.3,47.43,1.1121,0.018,0.365,68,3.92
France,developed,2005,3277.7,2363.6,75.3,807.8,22.7,8.4,48.2,1.1303,0.018,0.387,68,3.99
France,developed,2006,3335.8,2411.6,76.4,815.8,23.6,8.3,49.06,1.1503,0.017,0.41,68,4.06
France,developed,2007,3176.3,2256.4,74.8,811.4,25.3,8.3,46.71,1.0953,0.017,0.432,68,4.13
France,developed,2008,3309.8,2406.4,76.4,792.3,26.2,8.7,48.67,1.1413,0.017,0.455,68,4.21
France,developed,2009,3297.6,2390.1,81.9,792.6,24.6,8.5,48.49,1.1371,0.017,0.477,68,4.28
France,developed,2010,3094.8,2239.4,79.6,742.3,25.0,8.5,45.51,1.0672,0.017,0.5,68,4.35
France,developed,2011,3308.9,2378.6,85.7,810.5,24.8,9.3,48.66,1.141,0.017,0.523,68,4.42
France,developed,2012,3098.9,2250.0,83.0,732.0,25.0,8.8,45.57,1.0686,0.016,0.545,68,4.5
France,developed,2013,3286.2,2367.5,85.2,799.8,24.8,8.9,48.33,1.1332,0.016,0.568,68,4.57
France,developed,2014,3182.3,2307.7,90.4,748.2,26.7,9.4,46.8,1.0973,0.016,0.59,68,4.64
France,developed,2015,3251.5,2364.0,89.1,762.5,26.7,9.2,47.82,1.1212,0.016,0.613,68,4.71
France,developed,2016,3189.1,2300.5,86.7,766.3,26.2,9.4,46.9,1.0997,0.016,0.635,68,4.78
France,developed,2017,3212.5,2287.8,88.6,801.2,25.1,9.7,47.24,1.1077,0.016,0.65,68,4.86
France,developed,2018,3278.4,2330.7,95.8,816.2,25.9,9.8,48.21,1.1305,0.016,0.65,68,4.93
France,developed,2019,3202.2,2320.6,92.0,752.3,27.4,9.9,47.09,1.1042,0.015,0.65,68,5.0
France,developed,2020,3264.9,2310.1,96.1,824.2,25.0,9.4,48.01,1.1258,0.015,0.65,68,5.08
France,developed,2021,3274.9,2360.8,95.7,781.3,27.5,9.6,48.16,1.1293,0.015,0.65,68,5.15
France,developed,2022,3164.3,2250.5,95.4,781.1,27.3,10.1,46.53,1.0911,0.015,0.65,68,5.22
France,developed,2023,3332.0,2436.8,102.6,756.5,26.5,9.6,49.0,1.149,0.015,0.65,68,5.29
France,developed,2024,3492.7,2570.7,103.8,780.6,27.3,10.2,51.36,1.2044,0.015,0.65,68,5.37
South Africa,developing,1990,511.5,360.3,50.7,76.4,18.2,5.9,8.52,1.2786,0.75,0.05,60,0.4
South Africa,developing,1991,541.3,383.5,49.8,84.0,18.1,5.9,9.02,1.3533,0.744,0.062,60,0.41
South Africa,developing,1992,568.6,406.7,50.4,86.4,19.0,6.1,9.48,1.4215,0.738,0.074,60,0.42
South Africa,developing,1993,581.5,406.6,51.6,97.5,19.5,6.2,9.69,1.4538,0.732,0.086,60,0.43
South Africa,developing,1994,654.4,481.1,51.9,96.3,18.7,6.5,10.91,1.6361,0.726,0.098,60,0.44
South Africa,developing,1995,653.9,465.9,56.7,105.2,19.6,6.5,10.9,1.6348,0.72,0.11,60,0.45
South Africa,developing,1996,638.3,455.4,52.7,104.4,19.6,6.2,10.64,1.5958,0.714,0.122,60,0.46
South Africa,developing,1997,698.7,503.8,56.5,112.0,19.4,6.9,11.64,1.7467,0.708,0.134,60,0.47
South Africa,developing,1998,732.7,530.1,58.1,118.8,19.6,6.1,12.21,1.8317,0.702,0.146,60,0.48
South Africa,developing,1999,761.8,556.6,59.8,118.9,19.8,6.7,12.7,1.9044,0.696,0.158,60,0.49
South Africa,developing,2000,766.3,538.7,61.4,139.0,20.3,6.8,12.77,1.9158,0.69,0.17,60,0.5
South Africa,developing,2001,836.4,611.5,61.8,135.0,20.8,7.2,13.94,2.0909,0.684,0.182,60,0.51
South Africa,developing,2002,882.7,655.1,61.5,139.2,19.9,6.9,14.71,2.2067,0.678,0.194,60,0.52
South Africa,developing,2003,835.9,617.9,62.9,128.3,19.5,7.3,13.93,2.0898,0.672,0.206,60,0.53
South Africa,developing,2004,843.7,603.8,66.4,145.2,21.6,6.7,14.06,2.1091,0.666,0.218,60,0.54
South Africa,developing,2005,948.0,698.7,68.4,152.7,21.1,7.1,15.8,2.3701,0.66,0.23,60,0.55
South Africa,developing,2006,919.3,659.8,67.6,163.3,20.9,7.8,15.32,2.2983,0.654,0.242,60,0.56
South Africa,developing,2007,974.5,721.0,69.3,157.2,19.5,7.5,16.24,2.4362,0.648,0.254,60,0.57
South Africa,developing,2008,988.6,721.3,68.3,170.7,21.2,7.1,16.48,2.4715,0.642,0.266,60,0.58
South Africa,developing,2009,1057.9,782.3,69.9,176.2,21.8,7.6,17.63,2.6447,0.636,0.278,60,0.59
South Africa,developing,2010,1055.7,786.5,73.1,167.3,21.1,7.7,17.59,2.6392,0.63,0.29,60,0.6
South Africa,developing,2011,1104.9,824.4,73.2,176.9,22.2,8.2,18.42,2.7623,0.624,0.302,60,0.61
South Africa,developing,2012,1165.9,867.1,77.3,190.8,22.7,7.9,19.43,2.9147,0.618,0.314,60,0.62
South Africa,developing,2013,1153.8,849.7,74.5,198.6,22.6,8.4,19.23,2.8846,0.612,0.326,60,0.63
South Africa,developing,2014,1165.1,860.8,82.6,191.4,22.0,8.3,19.42,2.9127,0.606,0.338,60,0.64
South Africa,developing,2015,1236.7,921.6,76.2,207.9,22.7,8.3,20.61,3.0917,0.6,0.35,60,0.65
South Africa,developing,2016,1231.3,928.5,75.1,196.8,22.6,8.3,20.52,3.0781,0.594,0.362,60,0.66
South Africa,developing,2017,1242.4,917.5,82.6,211.0,22.7,8.6,20.71,3.1059,0.588,0.374,60,0.67
South Africa,developing,2018,1281.5,955.9,79.3,215.4,22.7,8.4,21.36,3.2039,0.582,0.386,60,0.68
South Africa,developing,2019,1333.3,1005.1,79.3,218.2,22.1,8.5,22.22,3.3332,0.576,0.398,60,0.69
South Africa,developing,2020,1364.9,1014.5,80.3,237.2,24.3,8.6,22.75,3.4123,0.57,0.41,60,0.7
South Africa,developing,2021,1372.2,1025.7,89.8,225.0,22.5,9.1,22.87,3.4304,0.564,0.422,60,0.71
South Africa,developing,2022,1357.2,999.0,87.1,238.4,23.8,9.0,22.62,3.393,0.558,0.434,60,0.72
South Africa,developing,2023,1447.9,1080.1,88.6,247.3,23.5,8.4,24.13,3.6199,0.552,0.446,60,0.73
South Africa,developing,2024,1423.9,1058.8,86.2,246.8,23.6,8.5,23.73,3.5598,0.546,0.458,60,0.74
Poland,developed,1990,736.9,510.2,31.6,179.9,11.4,3.9,19.39,1.0527,0.65,0.05,38,0.7
Poland,developed,1991,768.0,543.0,30.6,178.8,11.4,4.1,20.21,1.0971,0.645,0.073,38,0.72
Poland,developed,1992,759.9,541.8,31.3,171.5,11.3,4.0,20.0,1.0856,0.64,0.095,38,0.73
Poland,developed,1993,736.5,523.0,32.4,165.2,12.0,3.8,19.38,1.0521,0.634,0.118,38,0.75
Poland,developed,1994,775.6,537.2,32.6,190.0,11.9,4.0,20.41,1.108,0.629,0.14,38,0.77
Poland,developed,1995,760.4,526.2,33.2,185.5,11.5,4.0,20.01,1.0862,0.624,0.162,38,0.79
Poland,developed,1996,812.5,568.1,35.8,192.3,12.0,4.3,21.38,1.1607,0.619,0.185,38,0.8
Poland,developed,1997,804.7,561.4,37.4,189.8,11.8,4.3,21.18,1.1496,0.614,0.208,38,0.82
Poland,developed,1998,772.6,539.6,37.8,178.6,12.3,4.4,20.33,1.1038,0.608,0.23,38,0.84
Poland,developed,1999,785.2,538.3,37.7,192.7,12.3,4.2,20.66,1.1218,0.603,0.253,38,0.86
Poland,developed,2000,844.4,595.2,38.0,194.1,13.0,4.2,22.22,1.2063,0.598,0.275,38,0.88
Poland,developed,2001,783.1,521.4,39.1,205.0,13.2,4.4,20.61,1.1187,0.593,0.297,38,0.89
Poland,developed,2002,817.9,583.3,39.1,178.6,12.6,4.4,21.52,1.1684,0.588,0.32,38,0.91
Poland,developed,2003,829.4,570.2,41.5,200.3,13.0,4.4,21.83,1.1848,0.582,0.342,38,0.93
Poland,developed,2004,815.1,570.4,40.8,186.0,13.0,4.9,21.45,1.1644,0.577,0.365,38,0.94
Poland,developed,2005,791.6,555.3,39.7,178.6,13.3,4.7,20.83,1.1309,0.572,0.387,38,0.96
Poland,developed,2006,791.8,541.5,42.1,190.7,12.9,4.7,20.84,1.1311,0.567,0.41,38,0.98
Poland,developed,2007,776.1,526.0,43.7,188.6,13.2,4.6,20.42,1.1087,0.562,0.432,38,1.0
Poland,developed,2008,854.5,597.2,43.3,195.8,13.6,4.7,22.49,1.2207,0.556,0.455,38,1.01
Poland,developed,2009,815.8,559.7,44.7,193.0,13.5,4.8,21.47,1.1654,0.551,0.477,38,1.03
Poland,developed,2010,807.1,558.3,43.4,186.9,13.5,5.0,21.24,1.153,0.546,0.5,38,1.05
Poland,developed,2011,844.3,601.4,46.8,177.6,13.5,5.0,22.22,1.2061,0.541,0.523,38,1.07
Poland,developed,2012,798.0,544.7,44.6,190.7,13.2,4.9,21.0,1.14,0.536,0.545,38,1.08
Poland,developed,2013,802.2,542.1,48.7,192.9,13.3,5.2,21.11,1.1461,0.53,0.568,38,1.1
Poland,developed,2014,835.8,577.3,48.4,190.4,14.6,5.1,21.99,1.194,0.525,0.59,38,1.12
Poland,developed,2015,864.7,608.0,48.1,188.9,14.1,5.6,22.76,1.2354,0.52,0.613,38,1.14
Poland,developed,2016,824.3,566.1,51.2,187.2,14.4,5.4,21.69,1.1775,0.515,0.635,38,1.15
Poland,developed,2017,805.2,544.4,50.6,189.8,14.6,5.8,21.19,1.1503,0.51,0.65,38,1.17
Poland,developed,2018,804.8,549.2,50.1,185.6,14.4,5.5,21.18,1.1498,0.504,0.65,38,1.19
Poland,developed,2019,888.6,609.7,53.0,206.8,13.8,5.3,23.38,1.2695,0.499,0.65,38,1.21
Poland,developed,2020,848.2,583.9,51.8,191.7,15.3,5.6,22.32,1.2118,0.494,0.65,38,1.22
Poland,developed,2021,870.7,617.9,51.8,180.7,14.6,5.7,22.91,1.2438,0.489,0.65,38,1.24
Poland,developed,2022,820.3,557.9,54.6,187.2,14.8,5.8,21.59,1.1718,0.484,0.65,38,1.26
Poland,developed,2023,860.8,598.5,53.3,188.5,14.7,5.7,22.65,1.2297,0.478,0.65,38,1.28
Poland,developed,2024,845.3,588.6,56.4,179.7,15.0,5.6,22.24,1.2076,0.473,0.65,38,1.29
Ukraine,developing,1990,271.9,177.2,35.9,41.0,13.3,4.4,6.18,1.3595,0.32,0.05,44,0.2
Ukraine,developing,1991,275.5,180.5,35.2,41.1,14.1,4.6,6.26,1.3775,0.317,0.062,44,0.2
Ukraine,developing,1992,286.6,184.7,38.1,45.8,13.5,4.5,6.51,1.433,0.315,0.074,44,0.21
Ukraine,developing,1993,325.6,222.6,39.6,44.7,14.2,4.5,7.4,1.6282,0.312,0.086,44,0.21
Ukraine,developing,1994,330.9,226.3,38.0,48.7,13.4,4.4,7.52,1.6545,0.31,0.098,44,0.22
Ukraine,developing,1995,342.1,233.7,37.1,52.6,14.0,4.6,7.77,1.7103,0.307,0.11,44,0.23
Ukraine,developing,1996,357.4,244.8,38.1,55.3,14.4,4.7,8.12,1.7869,0.305,0.122,44,0.23
Ukraine,developing,1997,366.1,249.5,41.3,56.8,13.7,4.8,8.32,1.8305,0.302,0.134,44,0.24
Ukraine,developing,1998,375.7,255.3,42.6,58.3,14.5,5.0,8.54,1.8783,0.3,0.146,44,0.24
Ukraine,developing,1999,404.4,280.7,40.6,63.2,15.0,4.9,9.19,2.022,0.297,0.158,44,0.25
Ukraine,developing,2000,411.2,286.6,44.7,59.3,15.6,5.0,9.35,2.0562,0.294,0.17,44,0.25
Ukraine,developing,2001,428.1,296.4,42.8,69.5,14.3,5.0,9.73,2.1403,0.292,0.182,44,0.26
Ukraine,developing,2002,437.7,306.9,46.2,63.3,15.8,5.6,9.95,2.1887,0.289,0.194,44,0.26
Ukraine,developing,2003,469.7,335.1,45.4,70.4,13.5,5.3,10.68,2.3486,0.287,0.206,44,0.27
Ukraine,developing,2004,460.9,317.7,48.4,74.2,15.2,5.4,10.48,2.3047,0.284,0.218,44,0.27
Ukraine,developing,2005,475.6,328.4,46.9,79.3,15.6,5.4,10.81,2.3778,0.282,0.23,44,0.28
Ukraine,developing,2006,502.7,358.6,49.5,74.6,14.7,5.3,11.43,2.5135,0.279,0.242,44,0.28
Ukraine,developing,2007,526.2,365.4,50.5,88.7,16.0,5.7,11.96,2.6309,0.276,0.254,44,0.29
Ukraine,developing,2008,509.1,353.9,53.3,81.9,14.6,5.4,11.57,2.5453,0.274,0.266,44,0.29
Ukraine,developing,2009,566.1,401.4,54.5,88.0,16.4,5.8,12.87,2.8307,0.271,0.278,44,0.3
Ukraine,developing,2010,554.8,394.8,52.5,85.8,16.0,5.8,12.61,2.774,0.269,0.29,44,0.3
Ukraine,developing,2011,561.6,396.8,55.6,87.1,16.1,6.0,12.76,2.808,0.266,0.302,44,0.3
Ukraine,developing,2012,609.7,434.5,56.1,96.6,16.4,6.2,13.86,3.0486,0.264,0.314,44,0.31
Ukraine,developing,2013,602.3,427.8,54.4,97.8,16.3,5.9,13.69,3.0113,0.261,0.326,44,0.32
Ukraine,developing,2014,621.1,449.2,54.0,95.3,16.6,6.0,14.12,3.1057,0.259,0.338,44,0.32
Ukraine,developing,2015,642.9,463.5,55.1,101.5,16.6,6.2,14.61,3.2144,0.256,0.35,44,0.33
Ukraine,developing,2016,606.3,423.3,63.6,96.0,17.4,6.0,13.78,3.0317,0.253,0.362,44,0.33
Ukraine,developing,2017,675.3,494.4,56.4,101.1,17.2,6.2,15.35,3.3765,0.251,0.374,44,0.34
Ukraine,developing,2018,673.4,486.9,59.8,103.3,17.2,6.3,15.31,3.3672,0.248,0.386,44,0.34
Ukraine,developing,2019,673.1,482.3,61.5,104.9,18.1,6.3,15.3,3.3655,0.246,0.398,44,0.35
Ukraine,developing,2020,741.8,541.0,60.7,115.6,18.1,6.5,16.86,3.7092,0.243,0.41,44,0.35
Ukraine,developing,2021,707.9,505.5,64.8,113.1,18.0,6.5,16.09,3.5393,0.241,0.422,44,0.35
Ukraine,developing,2022,719.6,524.4,60.4,110.5,17.7,6.6,16.35,3.598,0.238,0.434,44,0.36
Ukraine,developing,2023,729.7,523.7,62.9,119.0,17.8,6.3,16.59,3.6487,0.236,0.446,44,0.37
Ukraine,developing,2024,754.9,545.8,65.7,119.9,17.2,6.4,17.16,3.7745,0.233,0.458,44,0.37
Nigeria,developing,1990,808.2,446.9,169.2,102.8,66.4,22.9,3.67,1.6164,0.01,0.05,220,0.5
Nigeria,developing,1991,845.4,472.3,174.5,108.3,66.9,23.4,3.84,1.6909,0.01,0.062,220,0.51
Nigeria,developing,1992,884.0,494.3,181.6,116.6,68.3,23.2,4.02,1.768,0.01,0.074,220,0.53
Nigeria,developing,1993,910.8,506.0,195.1,116.9,69.9,23.0,4.14,1.8217,0.01,0.086,220,0.54
Nigeria,developing,1994,947.9,541.7,184.5,127.9,71.5,22.2,4.31,1.8957,0.01,0.098,220,0.55
Nigeria,developing,1995,1020.4,601.3,193.5,131.9,69.8,23.8,4.64,2.0407,0.01,0.11,220,0.56
Nigeria,developing,1996,989.4,552.1,199.2,142.1,71.0,25.1,4.5,1.9789,0.01,0.122,220,0.57
Nigeria,developing,1997,1083.0,640.9,197.0,146.9,73.5,24.8,4.92,2.166,0.009,0.134,220,0.59
Nigeria,developing,1998,1165.7,692.1,228.7,152.7,67.8,24.5,5.3,2.3315,0.009,0.146,220,0.6
Nigeria,developing,1999,1134.4,666.9,213.1,157.2,72.6,24.6,5.16,2.2688,0.009,0.158,220,0.61
Nigeria,developing,2000,1196.9,701.9,230.0,168.2,70.1,26.7,5.44,2.3938,0.009,0.17,220,0.62
Nigeria,developing,2001,1270.7,794.4,221.1,156.4,73.8,25.0,5.78,2.5414,0.009,0.182,220,0.64
Nigeria,developing,2002,1275.4,779.4,222.0,176.6,70.9,26.6,5.8,2.5508,0.009,0.194,220,0.65
Nigeria,developing,2003,1298.2,779.7,238.2,180.2,74.0,26.0,5.9,2.5963,0.009,0.206,220,0.66
Nigeria,developing,2004,1297.0,777.7,238.9,181.8,71.2,27.3,5.9,2.594,0.009,0.218,220,0.68
Nigeria,developing,2005,1411.9,880.7,244.8,185.2,74.8,26.4,6.42,2.8238,0.009,0.23,220,0.69
Nigeria,developing,2006,1478.5,927.4,241.7,204.5,78.6,26.2,6.72,2.9569,0.009,0.242,220,0.7
Nigeria,developing,2007,1441.5,889.5,244.2,203.2,77.0,27.6,6.55,2.883,0.009,0.254,220,0.71
Nigeria,developing,2008,1483.6,911.7,257.0,208.1,79.2,27.6,6.74,2.9673,0.009,0.266,220,0.72
Nigeria,developing,2009,1463.2,871.1,256.3,232.3,75.2,28.3,6.65,2.9265,0.008,0.278,220,0.74
Nigeria,developing,2010,1546.5,948.6,261.3,228.4,78.8,29.4,7.03,3.0929,0.008,0.29,220,0.75
Nigeria,developing,2011,1643.4,1033.9,268.3,233.2,80.0,28.0,7.47,3.2868,0.008,0.302,220,0.76
Nigeria,developing,2012,1653.7,1029.6,289.1,224.4,79.6,30.9,7.52,3.3073,0.008,0.314,220,0.78
Nigeria,developing,2013,1629.9,1001.8,287.1,232.1,80.1,28.9,7.41,3.2598,0.008,0.326,220,0.79
Nigeria,developing,2014,1653.5,1044.4,278.5,225.9,74.9,29.8,7.52,3.307,0.008,0.338,220,0.8
Nigeria,developing,2015,1776.7,1138.6,281.0,242.6,83.4,31.1,8.08,3.5535,0.008,0.35,220,0.81
Nigeria,developing,2016,1839.7,1166.1,290.5,270.0,80.8,32.3,8.36,3.6794,0.008,0.362,220,0.82
Nigeria,developing,2017,1870.0,1206.7,285.0,263.7,82.9,31.8,8.5,3.74,0.008,0.374,220,0.84
Nigeria,developing,2018,1816.8,1121.8,284.9,293.4,84.3,32.3,8.26,3.6336,0.008,0.386,220,0.85
Nigeria,developing,2019,1924.4,1231.8,294.0,281.9,85.7,31.0,8.75,3.8489,0.008,0.398,220,0.86
Nigeria,developing,2020,1937.1,1222.2,310.1,284.7,86.8,33.3,8.8,3.8741,0.008,0.41,220,0.88
Nigeria,developing,2021,2037.5,1314.2,324.6,274.4,91.2,33.1,9.26,4.0751,0.008,0.422,220,0.89
Nigeria,developing,2022,2094.9,1388.0,306.3,287.3,82.0,31.3,9.52,4.1898,0.007,0.434,220,0.9
Nigeria,developing,2023,2172.6,1442.0,337.1,274.0,87.0,32.6,9.88,4.3452,0.007,0.446,220,0.91
Nigeria,developing,2024,2029.7,1268.7,330.7,302.7,93.6,34.0,9.23,4.0593,0.007,0.458,220,0.93
Argentina,developing,1990,712.8,541.8,38.4,114.5,13.6,4.5,15.5,1.188,0.02,0.05,46,0.6
Argentina,developing,1991,759.6,568.7,38.5,134.2,13.7,4.5,16.51,1.2661,0.02,0.062,46,0.61
Argentina,developing,1992,792.3,595.6,38.2,139.3,14.5,4.7,17.22,1.3206,0.02,0.074,46,0.63
Argentina,developing,1993,800.1,596.3,39.5,146.2,13.2,4.9,17.39,1.3335,0.02,0.086,46,0.64
Argentina,developing,1994,876.7,677.1,39.1,140.4,15.0,5.0,19.06,1.4611,0.019,0.098,46,0.66
Argentina,developing,1995,956.2,735.5,42.6,158.6,14.4,5.0,20.79,1.5937,0.019,0.11,46,0.67
Argentina,developing,1996,942.5,713.6,41.6,168.2,14.1,5.0,20.49,1.5708,0.019,0.122,46,0.69
Argentina,developing,1997,1031.2,794.8,43.0,173.2,14.9,5.3,22.42,1.7186,0.019,0.134,46,0.7
Argentina,developing,1998,1033.6,799.9,42.8,171.5,14.3,5.1,22.47,1.7227,0.019,0.146,46,0.72
Argentina,developing,1999,1031.9,768.8,47.5,194.9,15.6,5.2,22.43,1.7198,0.019,0.158,46,0.73
Argentina,developing,2000,1118.2,859.2,47.6,191.6,14.6,5.2,24.31,1.8636,0.018,0.17,46,0.75
Argentina,developing,2001,1146.8,892.0,48.0,185.6,15.5,5.5,24.93,1.9113,0.018,0.182,46,0.76
Argentina,developing,2002,1190.8,908.6,47.6,214.5,14.8,5.4,25.89,1.9847,0.018,0.194,46,0.78
Argentina,developing,2003,1228.4,948.6,46.0,212.3,15.8,5.7,26.7,2.0473,0.018,0.206,46,0.79
Argentina,developing,2004,1323.6,1035.3,52.0,215.2,15.5,5.6,28.77,2.206,0.018,0.218,46,0.81
Argentina,developing,2005,1266.7,979.7,51.3,214.9,15.3,5.5,27.54,2.1112,0.018,0.23,46,0.82
Argentina,developing,2006,1368.9,1060.2,52.8,233.8,16.2,5.9,29.76,2.2815,0.017,0.242,46,0.84
Argentina,developing,2007,1468.4,1149.5,55.0,242.3,15.7,5.9,31.92,2.4473,0.017,0.254,46,0.85
Argentina,developing,2008,1483.5,1164.7,51.5,245.0,16.4,5.9,32.25,2.4725,0.017,0.266,46,0.87
Argentina,developing,2009,1490.5,1150.4,55.9,262.3,16.1,5.8,32.4,2.4842,0.017,0.278,46,0.89
Argentina,developing,2010,1478.3,1129.7,55.4,270.5,16.6,6.1,32.14,2.4638,0.017,0.29,46,0.9
Argentina,developing,2011,1710.6,1362.8,57.8,267.1,16.7,6.2,37.19,2.851,0.017,0.302,46,0.91
Argentina,developing,2012,1591.9,1231.8,56.0,280.6,17.1,6.4,34.61,2.6532,0.016,0.314,46,0.93
Argentina,developing,2013,1572.8,1208.7,60.0,282.4,15.6,6.0,34.19,2.6213,0.016,0.326,46,0.95
Argentina,developing,2014,1588.4,1227.6,58.6,279.0,17.0,6.2,34.53,2.6474,0.016,0.338,46,0.96
Argentina,developing,2015,1712.3,1365.7,57.4,265.2,17.7,6.3,37.22,2.8538,0.016,0.35,46,0.97
Argentina,developing,2016,1796.9,1396.3,59.0,318.1,17.2,6.2,39.06,2.9948,0.016,0.362,46,0.99
Argentina,developing,2017,1674.7,1309.5,62.6,278.4,17.8,6.4,36.41,2.7912,0.016,0.374,46,1.0
Argentina,developing,2018,1925.7,1491.6,61.4,348.4,17.4,6.9,41.86,3.2096,0.016,0.386,46,1.02
Argentina,developing,2019,1976.0,1574.0,64.8,312.6,18.2,6.5,42.96,3.2934,0.015,0.398,46,1.03
Argentina,developing,2020,1919.2,1514.7,61.9,317.9,17.8,7.0,41.72,3.1987,0.015,0.41,46,1.05
Argentina,developing,2021,1989.4,1554.6,63.2,346.1,18.4,7.1,43.25,3.3157,0.015,0.422,46,1.06
Argentina,developing,2022,1939.0,1498.2,64.6,351.0,18.5,6.7,42.15,3.2317,0.015,0.434,46,1.08
Argentina,developing,2023,2015.5,1543.7,72.4,373.6,19.0,6.8,43.82,3.3592,0.015,0.446,46,1.09
Argentina,developing,2024,2170.7,1695.9,70.5,378.0,18.8,7.5,47.19,3.6178,0.015,0.458,46,1.11
Egypt,developing,1990,657.1,428.4,80.2,106.4,31.7,10.4,6.26,1.3142,0.01,0.05,105,0.5
Egypt,developing,1991,723.2,484.8,83.6,112.3,32.0,10.5,6.89,1.4464,0.01,0.062,105,0.51
Egypt,developing,1992,737.8,492.9,86.7,115.3,32.2,10.7,7.03,1.4755,0.01,0.074,105,0.53
Egypt,developing,1993,803.7,553.8,88.5,118.1,32.2,11.2,7.65,1.6074,0.01,0.086,105,0.54
Egypt,developing,1994,830.4,583.1,89.3,114.0,32.5,11.5,7.91,1.6608,0.01,0.098,105,0.55
Egypt,developing,1995,842.0,571.5,96.6,129.5,33.3,11.1,8.02,1.684,0.01,0.11,105,0.56
Egypt,developing,1996,881.6,601.7,96.6,137.5,34.3,11.5,8.4,1.7631,0.01,0.122,105,0.57
Egypt,developing,1997,883.7,590.5,99.5,148.6,34.0,11.0,8.42,1.7674,0.009,0.134,105,0.59
Egypt,developing,1998,937.1,635.0,106.3,149.8,34.0,12.0,8.92,1.8741,0.009,0.146,105,0.6
Egypt,developing,1999,990.3,682.2,105.7,157.4,33.3,11.6,9.43,1.9806,0.009,0.158,105,0.61
Egypt,developing,2000,1078.0,759.5,105.3,164.6,36.0,12.6,10.27,2.1559,0.009,0.17,105,0.62
Egypt,developing,2001,1073.3,757.9,106.4,161.0,35.1,12.8,10.22,2.1465,0.009,0.182,105,0.64
Egypt,developing,2002,1157.8,832.0,111.7,165.5,35.9,12.7,11.03,2.3156,0.009,0.194,105,0.65
Egypt,developing,2003,1197.4,856.2,110.0,181.2,36.8,13.1,11.4,2.3948,0.009,0.206,105,0.66
Egypt,developing,2004,1127.1,788.3,111.6,180.9,33.6,12.7,10.73,2.2543,0.009,0.218,105,0.68
Egypt,developing,2005,1221.2,873.5,116.9,181.1,36.1,13.7,11.63,2.4424,0.009,0.23,105,0.69
Egypt,developing,2006,1262.9,893.4,125.8,195.0,35.4,13.3,12.03,2.5258,0.009,0.242,105,0.7
Egypt,developing,2007,1303.1,936.1,120.7,194.7,38.4,13.3,12.41,2.6062,0.009,0.254,105,0.71
Egypt,developing,2008,1314.5,931.9,119.5,213.5,36.7,12.9,12.52,2.629,0.009,0.266,105,0.72
Egypt,developing,2009,1341.9,952.3,126.9,212.3,37.1,13.3,12.78,2.6839,0.008,0.278,105,0.74
Egypt,developing,2010,1450.1,1055.5,125.7,216.8,38.7,13.5,13.81,2.9002,0.008,0.29,105,0.75
Egypt,developing,2011,1379.1,970.1,124.7,232.7,38.0,13.7,13.13,2.7583,0.008,0.302,105,0.76
Egypt,developing,2012,1457.0,1032.5,128.1,242.6,39.9,13.9,13.88,2.914,0.008,0.314,105,0.78
Egypt,developing,2013,1485.2,1069.8,127.1,235.3,39.2,13.8,14.14,2.9704,0.008,0.326,105,0.79
Egypt,developing,2014,1498.6,1066.4,127.4,251.1,38.7,14.9,14.27,2.9972,0.008,0.338,105,0.8
Egypt,developing,2015,1591.9,1152.0,138.8,246.8,39.6,14.8,15.16,3.1838,0.008,0.35,105,0.81
Egypt,developing,2016,1467.5,1017.5,139.9,256.4,39.0,14.7,13.98,2.9349,0.008,0.362,105,0.82
Egypt,developing,2017,1642.6,1194.1,140.3,253.2,39.9,15.0,15.64,3.2852,0.008,0.374,105,0.84
Egypt,developing,2018,1771.7,1304.3,144.0,269.0,39.1,15.3,16.87,3.5434,0.008,0.386,105,0.85
Egypt,developing,2019,1706.6,1227.1,142.7,280.8,40.2,15.8,16.25,3.4132,0.008,0.398,105,0.86
Egypt,developing,2020,1750.9,1268.4,145.5,279.8,41.1,16.1,16.68,3.5018,0.008,0.41,105,0.88
Egypt,developing,2021,1800.7,1296.9,155.1,292.1,40.9,15.6,17.15,3.6014,0.008,0.422,105,0.89
Egypt,developing,2022,1801.1,1320.1,145.6,276.3,43.4,15.7,17.15,3.6022,0.007,0.434,105,0.9
Egypt,developing,2023,1826.4,1308.9,155.0,303.2,43.4,16.0,17.39,3.6529,0.007,0.446,105,0.91
Egypt,developing,2024,1874.4,1361.9,153.0,302.0,41.8,15.6,17.85,3.7487,0.007,0.458,105,0.93
Pakistan,developing,1990,728.9,368.0,184.2,82.3,71.3,23.0,3.17,1.8223,0.12,0.05,230,0.4
Pakistan,developing,1991,757.0,390.8,185.1,85.5,72.3,23.3,3.29,1.8925,0.119,0.062,230,0.41
Pakistan,developing,1992,753.0,382.0,193.0,88.6,66.1,23.3,3.27,1.8826,0.118,0.074,230,0.42
Pakistan,developing,1993,825.8,430.2,201.0,96.8,71.9,25.8,3.59,2.0645,0.117,0.086,230,0.43
Pakistan,developing,1994,839.6,445.4,199.1,97.7,74.0,23.3,3.65,2.0989,0.116,0.098,230,0.44
Pakistan,developing,1995,885.0,475.3,205.7,107.5,72.8,23.8,3.85,2.2124,0.115,0.11,230,0.45
Pakistan,developing,1996,894.4,486.7,208.6,104.9,68.9,25.3,3.89,2.2361,0.114,0.122,230,0.46
Pakistan,developing,1997,930.9,504.1,212.9,112.6,75.7,25.7,4.05,2.3273,0.113,0.134,230,0.47
Pakistan,developing,1998,967.8,526.3,221.0,122.0,72.4,26.2,4.21,2.4196,0.112,0.146,230,0.48
Pakistan,developing,1999,986.8,539.5,216.6,127.1,77.6,26.1,4.29,2.467,0.111,0.158,230,0.49
Pakistan,developing,2000,1042.7,587.0,227.6,128.5,72.0,27.6,4.53,2.6068,0.11,0.17,230,0.5
Pakistan,developing,2001,1071.2,581.3,250.7,133.9,78.5,26.8,4.66,2.678,0.109,0.182,230,0.51
Pakistan,developing,2002,1087.3,612.0,244.6,132.2,72.2,26.3,4.73,2.7182,0.108,0.194,230,0.52
Pakistan,developing,2003,1125.2,618.6,247.4,152.8,78.0,28.4,4.89,2.813,0.108,0.206,230,0.53
Pakistan,developing,2004,1142.1,637.1,254.2,143.0,79.7,28.1,4.97,2.8553,0.107,0.218,230,0.54
Pakistan,developing,2005,1177.7,668.4,251.3,150.5,79.6,27.8,5.12,2.9443,0.106,0.23,230,0.55
Pakistan,developing,2006,1210.9,685.4,257.2,159.7,80.3,28.2,5.26,3.0272,0.105,0.242,230,0.56
Pakistan,developing,2007,1223.0,712.2,249.7,153.2,79.3,28.6,5.32,3.0575,0.104,0.254,230,0.57
Pakistan,developing,2008,1284.0,730.1,281.0,157.6,86.4,29.0,5.58,3.2101,0.103,0.266,230,0.58
Pakistan,developing,2009,1292.7,750.3,268.6,161.2,82.7,29.9,5.62,3.2317,0.102,0.278,230,0.59
Pakistan,developing,2010,1408.0,843.3,284.1,167.8,83.0,29.7,6.12,3.5199,0.101,0.29,230,0.6
Pakistan,developing,2011,1486.3,892.3,297.1,184.5,84.4,27.9,6.46,3.7157,0.1,0.302,230,0.61
Pakistan,developing,2012,1448.9,861.7,294.1,176.9,85.2,30.9,6.3,3.6223,0.099,0.314,230,0.62
Pakistan,developing,2013,1468.2,874.8,284.3,188.9,89.5,30.8,6.38,3.6705,0.098,0.326,230,0.63
Pakistan,developing,2014,1526.5,925.4,292.4,193.6,83.7,31.4,6.64,3.8162,0.097,0.338,230,0.64
Pakistan,developing,2015,1532.0,893.6,306.1,216.5,84.8,31.0,6.66,3.83,0.096,0.35,230,0.65
Pakistan,developing,2016,1543.9,909.7,304.8,206.6,90.0,32.8,6.71,3.8596,0.095,0.362,230,0.66
Pakistan,developing,2017,1577.3,945.5,304.4,207.9,85.7,33.8,6.86,3.9433,0.094,0.374,230,0.67
Pakistan,developing,2018,1663.7,987.4,323.1,236.6,86.0,30.6,7.23,4.1591,0.093,0.386,230,0.68
Pakistan,developing,2019,1630.4,990.6,316.0,204.1,86.2,33.6,7.09,4.076,0.092,0.398,230,0.69
Pakistan,developing,2020,1668.6,1022.3,310.7,216.6,85.8,33.2,7.25,4.1715,0.091,0.41,230,0.7
Pakistan,developing,2021,1727.9,1030.8,329.3,246.3,87.7,33.8,7.51,4.3198,0.09,0.422,230,0.71
Pakistan,developing,2022,1702.1,999.8,343.9,233.3,91.9,33.3,7.4,4.2554,0.089,0.434,230,0.72
Pakistan,developing,2023,1919.1,1207.6,337.3,251.4,87.1,35.7,8.34,4.7977,0.088,0.446,230,0.73
Pakistan,developing,2024,1755.7,1053.1,342.5,236.2,90.2,33.9,7.63,4.3894,0.087,0.458,230,0.74
Bangladesh,developing,1990,737.8,446.2,129.3,93.8,51.5,17.0,4.34,1.4755,0.02,0.05,170,0.5
Bangladesh,developing,1991,811.4,504.0,142.2,98.1,50.3,16.8,4.77,1.6229,0.02,0.062,170,0.51
Bangladesh,developing,1992,867.2,533.8,146.2,114.7,55.0,17.6,5.1,1.7344,0.02,0.074,170,0.53
Bangladesh,developing,1993,859.5,519.2,145.5,122.7,54.0,18.0,5.06,1.7189,0.02,0.086,170,0.54
Bangladesh,developing,1994,934.4,590.2,151.7,120.3,53.5,18.6,5.5,1.8688,0.019,0.098,170,0.55
Bangladesh,developing,1995,920.9,567.1,143.8,139.0,53.5,17.5,5.42,1.8418,0.019,0.11,170,0.56
Bangladesh,developing,1996,1031.4,658.7,158.2,143.7,52.0,18.8,6.07,2.0629,0.019,0.122,170,0.57
Bangladesh,developing,1997,1029.1,649.9,160.1,146.4,54.0,18.7,6.05,2.0581,0.019,0.134,170,0.59
Bangladesh,developing,1998,1053.0,670.2,165.3,144.2,54.0,19.3,6.19,2.1059,0.019,0.146,170,0.6
Bangladesh,developing,1999,1066.4,669.7,167.3,156.4,54.1,19.0,6.27,2.1329,0.019,0.158,170,0.61
Bangladesh,developing,2000,1145.7,728.1,170.4,170.7,56.6,19.9,6.74,2.2913,0.018,0.17,170,0.62
Bangladesh,developing,2001,1187.1,776.8,166.8,164.4,58.5,20.7,6.98,2.3743,0.018,0.182,170,0.64
Bangladesh,developing,2002,1208.7,790.0,167.3,172.6,58.9,20.0,7.11,2.4174,0.018,0.194,170,0.65
Bangladesh,developing,2003,1231.9,802.0,174.4,178.3,57.7,19.5,7.25,2.4638,0.018,0.206,170,0.66
Bangladesh,developing,2004,1290.9,860.0,175.9,175.7,58.6,20.7,7.59,2.5819,0.018,0.218,170,0.68
Bangladesh,developing,2005,1261.3,803.3,183.8,195.1,58.5,20.7,7.42,2.5227,0.018,0.23,170,0.69
Bangladesh,developing,2006,1362.0,892.8,188.9,200.0,57.7,22.6,8.01,2.7239,0.017,0.242,170,0.7
Bangladesh,developing,2007,1408.8,930.3,201.9,197.4,58.7,20.5,8.29,2.8176,0.017,0.254,170,0.71
Bangladesh,developing,2008,1410.9,927.4,200.1,201.8,59.8,21.9,8.3,2.8219,0.017,0.266,170,0.72
Bangladesh,developing,2009,1443.7,945.9,204.4,211.0,61.6,20.8,8.49,2.8874,0.017,0.278,170,0.74
Bangladesh,developing,2010,1530.2,1021.3,208.2,217.4,60.3,23.1,9.0,3.0604,0.017,0.29,170,0.75
Bangladesh,developing,2011,1563.4,1049.6,203.3,227.7,60.5,22.3,9.2,3.1269,0.017,0.302,170,0.76
Bangladesh,developing,2012,1546.4,1015.1,205.5,243.4,60.3,22.0,9.1,3.0927,0.016,0.314,170,0.78
Bangladesh,developing,2013,1668.2,1115.5,215.2,250.3,64.6,22.6,9.81,3.3365,0.016,0.326,170,0.79
Bangladesh,developing,2014,1636.5,1082.0,219.3,248.1,64.1,22.9,9.63,3.2729,0.016,0.338,170,0.8
Bangladesh,developing,2015,1651.1,1094.4,228.0,242.7,63.0,23.0,9.71,3.3022,0.016,0.35,170,0.81
Bangladesh,developing,2016,1647.5,1086.1,226.8,247.6,64.3,22.8,9.69,3.2951,0.016,0.362,170,0.82
Bangladesh,developing,2017,1706.1,1099.5,237.3,282.7,62.6,24.0,10.04,3.4123,0.016,0.374,170,0.84
Bangladesh,developing,2018,1769.8,1182.8,233.7,262.7,67.4,23.3,10.41,3.5397,0.016,0.386,170,0.85
Bangladesh,developing,2019,1781.4,1184.3,228.3,276.8,67.8,24.2,10.48,3.5628,0.015,0.398,170,0.86
Bangladesh,developing,2020,1853.4,1247.7,241.9,273.9,65.6,24.4,10.9,3.7069,0.015,0.41,170,0.88
Bangladesh,developing,2021,1926.1,1329.9,218.9,286.0,66.3,24.9,11.33,3.8521,0.015,0.422,170,0.89
Bangladesh,developing,2022,1925.7,1318.2,238.5,276.0,68.2,24.9,11.33,3.8514,0.015,0.434,170,0.9
Bangladesh,developing,2023,1922.0,1284.3,253.0,289.5,69.4,25.8,11.31,3.844,0.015,0.446,170,0.91
Bangladesh,developing,2024,2107.9,1460.3,263.6,288.4,68.6,27.1,12.4,4.2158,0.015,0.458,170,0.93
Vietnam,developing,1990,564.2,369.5,77.3,78.2,29.4,9.9,5.76,1.4105,0.35,0.05,98,0.4
Vietnam,developing,1991,613.9,403.5,82.2,87.0,31.0,10.1,6.26,1.5347,0.347,0.062,98,0.41
Vietnam,developing,1992,630.8,416.4,82.4,91.4,30.0,10.6,6.44,1.577,0.344,0.074,98,0.42
Vietnam,developing,1993,685.5,465.9,81.7,98.5,29.0,10.4,7.0,1.7138,0.342,0.086,98,0.43
Vietnam,developing,1994,678.7,455.7,83.4,99.9,29.6,10.2,6.93,1.6967,0.339,0.098,98,0.44
Vietnam,developing,1995,733.0,499.6,90.0,100.1,32.3,11.1,7.48,1.8325,0.336,0.11,98,0.45
Vietnam,developing,1996,746.6,506.2,88.0,109.9,31.7,10.8,7.62,1.8665,0.333,0.122,98,0.46
Vietnam,developing,1997,786.3,538.1,88.7,118.7,30.2,10.6,8.02,1.9656,0.33,0.134,98,0.47
Vietnam,developing,1998,792.2,532.0,101.2,117.2,31.1,10.9,8.08,1.9805,0.328,0.146,98,0.48
Vietnam,developing,1999,792.7,531.6,92.2,125.7,31.9,11.3,8.09,1.9817,0.325,0.158,98,0.49
Vietnam,developing,2000,834.9,569.2,98.8,123.4,32.4,11.0,8.52,2.0871,0.322,0.17,98,0.5
Vietnam,developing,2001,881.2,598.6,95.5,142.5,33.2,11.3,8.99,2.2029,0.319,0.182,98,0.51
Vietnam,developing,2002,891.1,610.7,100.2,136.1,33.3,10.8,9.09,2.2278,0.316,0.194,98,0.52
Vietnam,developing,2003,935.4,657.1,93.6,137.9,34.4,12.4,9.54,2.3384,0.314,0.206,98,0.53
Vietnam,developing,2004,942.7,640.7,106.0,152.9,31.9,11.1,9.62,2.3567,0.311,0.218,98,0.54
Vietnam,developing,2005,950.6,636.2,108.8,160.0,33.8,11.8,9.7,2.3766,0.308,0.23,98,0.55
Vietnam,developing,2006,1014.6,716.5,108.5,145.1,32.6,11.9,10.35,2.5366,0.305,0.242,98,0.56
Vietnam,developing,2007,1059.2,744.7,108.8,160.3,33.5,11.9,10.81,2.6479,0.302,0.254,98,0.57
Vietnam,developing,2008,1029.2,710.8,117.9,152.1,35.7,12.6,10.5,2.5729,0.3,0.266,98,0.58
Vietnam,developing,2009,1097.5,775.5,118.4,155.7,35.9,12.0,11.2,2.7437,0.297,0.278,98,0.59
Vietnam,developing,2010,1177.1,833.5,119.3,178.4,33.2,12.6,12.01,2.9427,0.294,0.29,98,0.6
Vietnam,developing,2011,1124.9,760.8,121.3,193.3,36.7,12.8,11.48,2.8121,0.291,0.302,98,0.61
Vietnam,developing,2012,1124.0,771.0,120.5,182.5,37.0,13.0,11.47,2.8101,0.288,0.314,98,0.62
Vietnam,developing,2013,1215.8,862.0,122.4,181.5,37.3,12.7,12.41,3.0395,0.286,0.326,98,0.63
Vietnam,developing,2014,1224.0,851.5,128.3,194.6,36.4,13.1,12.49,3.0601,0.283,0.338,98,0.64
Vietnam,developing,2015,1290.1,911.9,130.8,194.1,39.3,14.1,13.16,3.2252,0.28,0.35,98,0.65
Vietnam,developing,2016,1268.6,882.1,129.8,207.7,36.0,13.0,12.95,3.1715,0.277,0.362,98,0.66
Vietnam,developing,2017,1361.0,965.3,135.5,207.9,38.7,13.6,13.89,3.4024,0.274,0.374,98,0.67
Vietnam,developing,2018,1274.6,889.1,126.9,205.3,39.0,14.5,13.01,3.1866,0.272,0.386,98,0.68
Vietnam,developing,2019,1460.4,1049.6,139.1,218.4,39.2,14.1,14.9,3.651,0.269,0.398,98,0.69
Vietnam,developing,2020,1473.3,1034.9,140.1,246.5,37.4,14.5,15.03,3.6832,0.266,0.41,98,0.7
Vietnam,developing,2021,1435.3,1020.4,133.9,227.0,39.8,14.2,14.65,3.5882,0.263,0.422,98,0.71
Vietnam,developing,2022,1545.3,1095.9,139.0,253.9,41.3,15.2,15.77,3.8633,0.26,0.434,98,0.72
Vietnam,developing,2023,1496.0,1050.6,142.4,250.2,38.8,14.0,15.27,3.7401,0.258,0.446,98,0.73
Vietnam,developing,2024,1598.6,1115.4,155.1,273.2,40.9,13.9,16.31,3.9965,0.255,0.458,98,0.74
Thailand,developing,1990,664.1,466.0,59.1,110.8,21.2,7.0,9.35,1.3283,0.18,0.05,71,0.5
Thailand,developing,1991,641.1,454.6,54.4,102.4,22.1,7.5,9.03,1.2822,0.179,0.062,71,0.51
Thailand,developing,1992,709.0,502.1,61.2,115.9,22.6,7.1,9.99,1.418,0.177,0.074,71,0.53
Thailand,developing,1993,767.5,546.5,61.6,129.6,22.4,7.4,10.81,1.5351,0.176,0.086,71,0.54
Thailand,developing,1994,734.7,510.8,63.2,130.9,22.7,7.0,10.35,1.4695,0.174,0.098,71,0.55
Thailand,developing,1995,756.6,528.9,64.3,133.4,21.8,8.2,10.66,1.5131,0.173,0.11,71,0.56
Thailand,developing,1996,842.3,612.7,66.2,131.6,23.9,7.9,11.86,1.6847,0.171,0.122,71,0.57
Thailand,developing,1997,866.0,630.4,68.9,137.0,22.0,7.8,12.2,1.732,0.17,0.134,71,0.59
Thailand,developing,1998,925.7,668.2,69.4,156.6,23.5,7.9,13.04,1.8513,0.168,0.146,71,0.6
Thailand,developing,1999,966.8,707.4,68.4,160.3,22.9,7.9,13.62,1.9336,0.167,0.158,71,0.61
Thailand,developing,2000,974.4,704.3,69.9,168.6,23.7,7.8,13.72,1.9487,0.166,0.17,71,0.62
Thailand,developing,2001,966.9,705.7,68.4,161.8,22.7,8.3,13.62,1.9337,0.164,0.182,71,0.64
Thailand,developing,2002,1060.3,780.4,71.8,174.9,24.9,8.2,14.93,2.1205,0.163,0.194,71,0.65
Thailand,developing,2003,1096.1,803.3,77.0,183.3,24.4,8.2,15.44,2.1922,0.161,0.206,71,0.66
Thailand,developing,2004,1057.4,768.0,73.7,182.8,24.6,8.3,14.89,2.1149,0.16,0.218,71,0.68
Thailand,developing,2005,1227.2,917.5,82.7,193.7,24.9,8.4,17.28,2.4543,0.158,0.23,71,0.69
Thailand,developing,2006,1209.8,894.1,80.2,201.3,25.1,9.1,17.04,2.4196,0.157,0.242,71,0.7
Thailand,developing,2007,1292.1,966.7,82.7,208.1,26.0,8.5,18.2,2.5842,0.156,0.254,71,0.71
Thailand,developing,2008,1325.9,995.7,81.9,214.5,24.4,9.4,18.67,2.6518,0.154,0.266,71,0.72
Thailand,developing,2009,1277.5,954.8,82.1,206.2,24.9,9.5,17.99,2.555,0.153,0.278,71,0.74
Thailand,developing,2010,1253.6,919.6,87.6,211.9,25.0,9.6,17.66,2.5072,0.151,0.29,71,0.75
Thailand,developing,2011,1324.5,975.8,86.2,227.0,26.1,9.3,18.65,2.6489,0.15,0.302,71,0.76
Thailand,developing,2012,1392.3,1047.6,84.2,225.0,25.9,9.6,19.61,2.7846,0.148,0.314,71,0.78
Thailand,developing,2013,1472.7,1127.0,88.8,221.1,25.9,9.9,20.74,2.9453,0.147,0.326,71,0.79
Thailand,developing,2014,1500.2,1126.8,94.9,242.4,26.5,9.6,21.13,3.0005,0.145,0.338,71,0.8
Thailand,developing,2015,1480.7,1120.6,86.8,236.7,26.6,9.9,20.85,2.9613,0.144,0.35,71,0.81
Thailand,developing,2016,1534.3,1159.9,92.6,245.8,25.4,10.5,21.61,3.0685,0.143,0.362,71,0.82
Thailand,developing,2017,1583.9,1215.9,88.4,243.3,26.9,9.3,22.31,3.1679,0.141,0.374,71,0.84
Thailand,developing,2018,1643.7,1263.3,96.8,246.3,27.1,10.1,23.15,3.2873,0.14,0.386,71,0.85
Thailand,developing,2019,1686.8,1270.7,96.9,281.3,27.3,10.6,23.76,3.3736,0.138,0.398,71,0.86
Thailand,developing,2020,1662.2,1217.5,102.0,304.7,27.4,10.5,23.41,3.3244,0.137,0.41,71,0.88
Thailand,developing,2021,1666.4,1246.0,95.5,286.2,28.5,10.2,23.47,3.3327,0.135,0.422,71,0.89
Thailand,developing,2022,1812.0,1349.1,105.3,317.9,29.6,10.0,25.52,3.624,0.134,0.434,71,0.9
Thailand,developing,2023,1853.1,1413.5,101.2,298.5,29.1,10.9,26.1,3.7062,0.132,0.446,71,0.91
Thailand,developing,2024,1898.2,1439.9,103.2,314.8,29.7,10.6,26.74,3.7965,0.131,0.458,71,0.93
Malaysia,developing,1990,472.3,346.7,26.2,85.6,10.5,3.3,14.31,1.1806,0.2,0.05,33,0.4
Malaysia,developing,1991,505.3,381.8,26.3,83.6,10.3,3.3,15.31,1.2632,0.198,0.062,33,0.41
Malaysia,developing,1992,512.7,384.8,28.1,86.6,9.9,3.4,15.54,1.2818,0.197,0.074,33,0.42
Malaysia,developing,1993,588.6,453.4,28.3,93.3,10.1,3.5,17.84,1.4715,0.195,0.086,33,0.43
Malaysia,developing,1994,594.8,449.5,29.4,102.6,9.8,3.5,18.02,1.487,0.194,0.098,33,0.44
Malaysia,developing,1995,611.8,464.4,29.2,104.5,10.1,3.6,18.54,1.5295,0.192,0.11,33,0.45
Malaysia,developing,1996,621.1,466.1,29.7,111.1,10.5,3.7,18.82,1.5529,0.19,0.122,33,0.46
Malaysia,developing,1997,676.9,517.3,31.7,113.3,10.9,3.7,20.51,1.6923,0.189,0.134,33,0.47
Malaysia,developing,1998,660.9,494.9,33.5,118.3,10.5,3.6,20.03,1.6523,0.187,0.146,33,0.48
Malaysia,developing,1999,722.2,550.0,34.2,123.1,11.3,3.7,21.89,1.8056,0.186,0.158,33,0.49
Malaysia,developing,2000,741.3,559.6,33.0,134.1,10.8,3.7,22.46,1.8532,0.184,0.17,33,0.5
Malaysia,developing,2001,775.1,591.6,33.8,134.6,11.2,3.9,23.49,1.9378,0.182,0.182,33,0.51
Malaysia,developing,2002,790.3,605.1,34.4,135.7,11.2,3.9,23.95,1.9757,0.181,0.194,33,0.52
Malaysia,developing,2003,865.3,677.4,34.3,138.4,11.0,4.1,26.22,2.1631,0.179,0.206,33,0.53
Malaysia,developing,2004,863.8,657.8,35.5,154.9,11.8,3.9,26.18,2.1596,0.178,0.218,33,0.54
Malaysia,developing,2005,900.3,696.4,36.1,153.0,10.9,3.8,27.28,2.2507,0.176,0.23,33,0.55
Malaysia,developing,2006,883.6,668.6,35.3,163.7,12.1,3.9,26.78,2.209,0.174,0.242,33,0.56
Malaysia,developing,2007,972.6,749.7,37.7,169.5,11.7,4.1,29.47,2.4315,0.173,0.254,33,0.57
Malaysia,developing,2008,936.1,715.4,38.6,166.5,11.2,4.4,28.37,2.3402,0.171,0.266,33,0.58
Malaysia,developing,2009,1056.6,818.9,38.2,183.5,11.8,4.1,32.02,2.6414,0.17,0.278,33,0.59
Malaysia,developing,2010,1042.5,817.0,38.2,171.2,11.7,4.3,31.59,2.6061,0.168,0.29,33,0.6
Malaysia,developing,2011,1046.3,814.5,37.8,177.6,12.2,4.2,31.71,2.6158,0.166,0.302,33,0.61
Malaysia,developing,2012,1030.9,792.8,39.6,182.6,11.7,4.2,31.24,2.5774,0.165,0.314,33,0.62
Malaysia,developing,2013,1141.1,898.1,42.5,184.1,12.1,4.3,34.58,2.8528,0.163,0.326,33,0.63
Malaysia,developing,2014,1130.9,884.5,41.5,187.5,12.9,4.6,34.27,2.8273,0.162,0.338,33,0.64
Malaysia,developing,2015,1124.4,869.8,43.5,193.3,13.1,4.7,34.07,2.8109,0.16,0.35,33,0.65
Malaysia,developing,2016,1219.7,950.1,42.6,210.5,11.9,4.6,36.96,3.0493,0.158,0.362,33,0.66
Malaysia,developing,2017,1221.7,957.9,43.5,203.0,12.6,4.7,37.02,3.0543,0.157,0.374,33,0.67
Malaysia,developing,2018,1180.1,907.4,45.1,209.9,12.9,4.8,35.76,2.9502,0.155,0.386,33,0.68
Malaysia,developing,2019,1259.7,959.9,44.4,237.0,13.3,5.1,38.17,3.1493,0.154,0.398,33,0.69
Malaysia,developing,2020,1233.4,949.9,47.8,217.3,13.5,4.8,37.38,3.0835,0.152,0.41,33,0.7
Malaysia,developing,2021,1379.6,1083.7,49.7,228.6,12.7,4.8,41.8,3.4489,0.15,0.422,33,0.71
Malaysia,developing,2022,1370.3,1050.6,45.9,255.6,13.3,4.9,41.52,3.4257,0.149,0.434,33,0.72
Malaysia,developing,2023,1356.0,1058.2,45.6,234.7,12.7,4.8,41.09,3.3901,0.147,0.446,33,0.73
Malaysia,developing,2024,1437.9,1124.2,48.8,246.6,13.2,5.0,43.57,3.5947,0.146,0.458,33,0.74
Netherlands,developed,1990,969.6,713.6,14.1,235.0,5.2,1.7,53.87,0.9696,0.05,0.05,18,1.0
Netherlands,developed,1991,994.2,728.0,14.9,243.8,5.5,2.0,55.23,0.9942,0.05,0.073,18,1.02
Netherlands,developed,1992,1038.7,741.8,14.6,274.9,5.6,1.8,57.71,1.0387,0.049,0.095,18,1.05
Netherlands,developed,1993,967.3,698.6,15.6,245.7,5.6,1.8,53.74,0.9673,0.049,0.118,18,1.07
Netherlands,developed,1994,1066.4,773.3,15.6,269.7,6.0,1.9,59.25,1.0664,0.048,0.14,18,1.1
Netherlands,developed,1995,1109.2,821.2,16.6,263.9,5.6,1.9,61.62,1.1092,0.048,0.162,18,1.12
Netherlands,developed,1996,987.4,710.2,16.7,252.7,5.9,2.0,54.85,0.9874,0.048,0.185,18,1.15
Netherlands,developed,1997,1064.5,782.0,17.5,257.4,5.8,1.9,59.14,1.0645,0.047,0.208,18,1.18
Netherlands,developed,1998,1118.6,823.6,17.8,269.4,5.8,2.0,62.14,1.1186,0.047,0.23,18,1.2
Netherlands,developed,1999,1029.2,739.4,17.6,264.2,5.9,2.2,57.18,1.0292,0.046,0.253,18,1.23
Netherlands,developed,2000,1095.6,794.4,17.8,275.6,5.9,1.9,60.86,1.0956,0.046,0.275,18,1.25
Netherlands,developed,2001,1093.7,781.1,18.6,285.8,6.1,2.0,60.76,1.0937,0.046,0.297,18,1.27
Netherlands,developed,2002,1153.4,858.3,19.0,267.9,6.0,2.1,64.08,1.1534,0.045,0.32,18,1.3
Netherlands,developed,2003,1042.4,759.6,19.5,255.1,6.2,2.2,57.91,1.0424,0.045,0.342,18,1.32
Netherlands,developed,2004,1058.9,766.1,19.5,265.0,6.2,2.2,58.83,1.0589,0.044,0.365,18,1.35
Netherlands,developed,2005,1092.0,802.8,20.3,260.5,6.3,2.1,60.67,1.092,0.044,0.387,18,1.38
Netherlands,developed,2006,1170.3,845.1,20.3,296.3,6.3,2.2,65.01,1.1703,0.044,0.41,18,1.4
Netherlands,developed,2007,1079.3,763.7,19.6,287.2,6.4,2.3,59.96,1.0793,0.043,0.432,18,1.43
Netherlands,developed,2008,1163.6,876.0,21.5,257.7,6.2,2.3,64.65,1.1636,0.043,0.455,18,1.45
Netherlands,developed,2009,1179.7,872.8,22.1,276.4,6.0,2.3,65.54,1.1797,0.042,0.477,18,1.48
Netherlands,developed,2010,1123.3,819.4,21.8,273.2,6.4,2.4,62.41,1.1233,0.042,0.5,18,1.5
Netherlands,developed,2011,1169.7,871.2,21.4,268.1,6.7,2.4,64.98,1.1697,0.042,0.523,18,1.52
Netherlands,developed,2012,1107.2,811.1,21.8,265.2,6.8,2.4,61.51,1.1072,0.041,0.545,18,1.55
Netherlands,developed,2013,1170.4,849.9,23.2,288.3,6.6,2.4,65.02,1.1704,0.041,0.568,18,1.58
Netherlands,developed,2014,1178.0,874.9,23.5,270.5,6.7,2.4,65.44,1.178,0.04,0.59,18,1.6
Netherlands,developed,2015,1140.3,831.1,23.1,277.1,6.6,2.4,63.35,1.1403,0.04,0.613,18,1.62
Netherlands,developed,2016,1070.5,777.0,25.4,258.8,6.8,2.6,59.47,1.0705,0.04,0.635,18,1.65
Netherlands,developed,2017,1147.1,827.6,23.6,286.4,6.9,2.5,63.73,1.1471,0.039,0.65,18,1.68
Netherlands,developed,2018,1076.7,788.2,24.4,254.2,7.3,2.6,59.81,1.0767,0.039,0.65,18,1.7
Netherlands,developed,2019,1069.9,770.0,23.8,266.7,6.9,2.5,59.44,1.0699,0.038,0.65,18,1.73
Netherlands,developed,2020,1134.5,823.6,25.4,276.0,6.9,2.6,63.03,1.1345,0.038,0.65,18,1.75
Netherlands,developed,2021,1108.6,783.9,25.7,289.3,7.1,2.7,61.59,1.1086,0.038,0.65,18,1.77
Netherlands,developed,2022,1132.6,843.7,26.0,253.2,6.9,2.7,62.92,1.1326,0.037,0.65,18,1.8
Netherlands,developed,2023,1109.5,793.4,27.1,279.1,7.2,2.7,61.64,1.1095,0.037,0.65,18,1.83
Netherlands,developed,2024,1097.0,802.7,26.6,257.7,7.4,2.6,60.95,1.097,0.036,0.65,18,1.85
Spain,developed,1990,1425.7,1009.0,35.5,362.4,14.0,4.8,30.33,1.0184,0.04,0.05,47,1.4
Spain,developed,1991,1424.1,1025.2,39.4,340.3,14.2,5.1,30.3,1.0172,0.04,0.073,47,1.43
Spain,developed,1992,1523.1,1091.4,38.7,373.4,14.8,4.8,32.41,1.0879,0.039,0.095,47,1.47
Spain,developed,1993,1437.4,1036.9,38.1,343.5,14.2,4.7,30.58,1.0267,0.039,0.118,47,1.5
Spain,developed,1994,1480.1,1063.9,43.3,352.7,15.1,5.1,31.49,1.0572,0.039,0.14,47,1.54
Spain,developed,1995,1496.9,1067.6,42.9,367.0,14.6,4.9,31.85,1.0692,0.038,0.162,47,1.57
Spain,developed,1996,1503.6,1077.6,40.8,364.1,15.7,5.3,31.99,1.074,0.038,0.185,47,1.61
Spain,developed,1997,1497.6,1052.7,44.9,380.0,14.7,5.3,31.86,1.0697,0.038,0.208,47,1.65
Spain,developed,1998,1404.6,1009.6,45.3,329.3,15.1,5.3,29.89,1.0033,0.037,0.23,47,1.68
Spain,developed,1999,1514.5,1082.3,44.3,367.5,15.3,5.1,32.22,1.0818,0.037,0.253,47,1.72
Spain,developed,2000,1507.1,1081.0,44.9,360.8,15.2,5.4,32.07,1.0765,0.037,0.275,47,1.75
Spain,developed,2001,1602.1,1167.1,48.5,365.3,15.7,5.5,34.09,1.1443,0.036,0.297,47,1.78
Spain,developed,2002,1482.5,1030.8,49.8,380.9,15.5,5.5,31.54,1.0589,0.036,0.32,47,1.82
Spain,developed,2003,1626.6,1183.1,51.5,370.3,16.1,5.7,34.61,1.1619,0.036,0.342,47,1.85
Spain,developed,2004,1515.4,1056.8,49.5,387.2,16.4,5.5,32.24,1.0824,0.036,0.365,47,1.89
Spain,developed,2005,1570.5,1114.4,53.4,380.1,16.8,5.9,33.41,1.1218,0.035,0.387,47,1.92
Spain,developed,2006,1534.5,1072.6,51.7,388.3,16.3,5.7,32.65,1.0961,0.035,0.41,47,1.96
Spain,developed,2007,1526.0,1065.6,54.3,383.6,16.7,5.7,32.47,1.09,0.035,0.432,47,1.99
Spain,developed,2008,1634.7,1172.6,54.0,385.5,16.2,6.5,34.78,1.1677,0.034,0.455,47,2.03
Spain,developed,2009,1645.5,1193.8,56.8,372.2,16.7,6.2,35.01,1.1754,0.034,0.477,47,2.06
Spain,developed,2010,1577.6,1118.8,57.2,379.0,16.6,6.0,33.57,1.1269,0.034,0.5,47,2.1
Spain,developed,2011,1686.7,1218.1,56.5,388.6,17.5,6.1,35.89,1.2048,0.033,0.523,47,2.13
Spain,developed,2012,1575.1,1137.5,56.3,357.8,17.2,6.2,33.51,1.1251,0.033,0.545,47,2.17
Spain,developed,2013,1628.0,1159.7,59.5,385.1,17.1,6.6,34.64,1.1629,0.033,0.568,47,2.21
Spain,developed,2014,1642.6,1191.4,58.8,369.3,16.7,6.4,34.95,1.1733,0.032,0.59,47,2.24
Spain,developed,2015,1621.6,1157.0,58.5,381.9,17.6,6.5,34.5,1.1583,0.032,0.613,47,2.27
Spain,developed,2016,1576.7,1093.4,63.1,395.6,18.3,6.4,33.55,1.1262,0.032,0.635,47,2.31
Spain,developed,2017,1630.3,1170.0,62.0,374.3,17.5,6.5,34.69,1.1645,0.031,0.65,47,2.34
Spain,developed,2018,1645.0,1162.7,62.1,394.7,18.7,6.8,35.0,1.175,0.031,0.65,47,2.38
Spain,developed,2019,1663.1,1203.2,64.7,370.1,18.5,6.6,35.38,1.1879,0.031,0.65,47,2.42
Spain,developed,2020,1642.1,1172.0,69.6,376.4,17.4,6.7,34.94,1.1729,0.03,0.65,47,2.45
Spain,developed,2021,1564.6,1102.5,65.2,371.9,17.9,7.0,33.29,1.1175,0.03,0.65,47,2.48
Spain,developed,2022,1689.7,1231.6,66.6,365.8,18.8,7.0,35.95,1.207,0.03,0.65,47,2.52
Spain,developed,2023,1521.2,1036.1,69.2,389.9,19.0,7.0,32.37,1.0866,0.029,0.65,47,2.56
Spain,developed,2024,1597.8,1121.7,70.1,381.2,17.5,7.2,34.0,1.1413,0.029,0.65,47,2.59
